10004.jpg,buildings,0,,,,,,,,,,
10005.jpg,mountain,3,,,,,,,,,,
10012.jpg,street,5,,,,,,,,,,
10013.jpg,mountain,3,,,,,,,,,,
10017.jpg,mountain,3,,,,,,,,,,
10021.jpg,forest,1,,,,,,,,,,
1003.jpg,sea,4,,,,,,,,,,
10034.jpg,glacier,2,,,,,,,,,,
10038.jpg,sea,4,,,,,,,,,,
10040.jpg,street,5,,,,,,,,,,
10043.jpg,sea,4,,,,,,,,,,
10045.jpg,street,5,,,,,,,,,,
10047.jpg,mountain,3,,,,,,,,,,
10048.jpg,buildings,0,,,,,,,,,,
10052.jpg,buildings,0,,,,,,,,,,
10054.jpg,glacier,2,,,,,,,,,,
10059.jpg,forest,1,,,,,,,,,,
10060.jpg,forest,1,,,,,,,,,,
10066.jpg,mountain,3,,,,,,,,,,
10069.jpg,sea,4,,,,,,,,,,
10073.jpg,buildings,0,,,,,,,,,,
10079.jpg,street,5,,,,,,,,,,
1008.jpg,street,5,,,,,,,,,,
10082.jpg,buildings,0,,,,,,,,,,
10083.jpg,glacier,2,,,,,,,,,,
10090.jpg,buildings,0,,,,,,,,,,
10092.jpg,forest,1,,,,,,,,,,
10096.jpg,mountain,3,,,,,,,,,,
101.jpg,glacier,2,,,,,,,,,,
10100.jpg,mountain,3,,,,,,,,,,
10101.jpg,sea,4,,,,,,,,,,
10102.jpg,sea,4,,,,,,,,,,
10106.jpg,mountain,3,,,,,,,,,,
10109.jpg,sea,4,,,,,,,,,,
10119.jpg,sea,4,,,,,,,,,,
10124.jpg,mountain,3,,,,,,,,,,
10127.jpg,sea,4,,,,,,,,,,
10129.jpg,mountain,3,,,,,,,,,,
10132.jpg,mountain,3,,,,,,,,,,
10133.jpg,mountain,3,,,,,,,,,,
10147.jpg,sea,4,,,,,,,,,,
10157.jpg,street,5,,,,,,,,,,
10158.jpg,mountain,3,,,,,,,,,,
10159.jpg,buildings,0,,,,,,,,,,
1016.jpg,sea,4,,,,,,,,,,
10164.jpg,forest,1,,,,,,,,,,
10166.jpg,mountain,3,,,,,,,,,,
10168.jpg,glacier,2,,,,,,,,,,
10169.jpg,street,5,,,,,,,,,,
10171.jpg,mountain,3,,,,,,,,,,
10173.jpg,street,5,,,,,,,,,,
10175.jpg,buildings,0,,,,,,,,,,
10178.jpg,forest,1,,,,,,,,,,
10179.jpg,buildings,0,,,,,,,,,,
1018.jpg,forest,1,,,,,,,,,,
10187.jpg,sea,4,,,,,,,,,,
10190.jpg,mountain,3,,,,,,,,,,
10199.jpg,street,5,,,,,,,,,,
1020.jpg,buildings,0,,,,,,,,,,
10201.jpg,street,5,,,,,,,,,,
10208.jpg,buildings,0,,,,,,,,,,
10209.jpg,forest,1,,,,,,,,,,
10211.jpg,mountain,3,,,,,,,,,,
10212.jpg,sea,4,,,,,,,,,,
10225.jpg,forest,1,,,,,,,,,,
10226.jpg,mountain,3,,,,,,,,,,
10232.jpg,mountain,3,,,,,,,,,,
10233.jpg,street,5,,,,,,,,,,
10241.jpg,forest,1,,,,,,,,,,
10243.jpg,mountain,3,,,,,,,,,,
10244.jpg,sea,4,,,,,,,,,,
10246.jpg,forest,1,,,,,,,,,,
10247.jpg,sea,4,,,,,,,,,,
10253.jpg,street,5,,,,,,,,,,
1026.jpg,forest,1,,,,,,,,,,
10261.jpg,forest,1,,,,,,,,,,
10269.jpg,mountain,3,,,,,,,,,,
10270.jpg,sea,4,,,,,,,,,,
10272.jpg,glacier,2,,,,,,,,,,
10276.jpg,glacier,2,,,,,,,,,,
10277.jpg,street,5,,,,,,,,,,
10282.jpg,mountain,3,,,,,,,,,,
10284.jpg,mountain,3,,,,,,,,,,
10286.jpg,forest,1,,,,,,,,,,
10287.jpg,forest,1,,,,,,,,,,
10288.jpg,mountain,3,,,,,,,,,,
10290.jpg,buildings,0,,,,,,,,,,
10292.jpg,forest,1,,,,,,,,,,
10293.jpg,mountain,3,,,,,,,,,,
103.jpg,buildings,0,,,,,,,,,,
10302.jpg,mountain,3,,,,,,,,,,
10305.jpg,buildings,0,,,,,,,,,,
10307.jpg,glacier,2,,,,,,,,,,
10308.jpg,forest,1,,,,,,,,,,
10311.jpg,forest,1,,,,,,,,,,
10321.jpg,buildings,0,,,,,,,,,,
10333.jpg,sea,4,,,,,,,,,,
10336.jpg,mountain,3,,,,,,,,,,
10339.jpg,sea,4,,,,,,,,,,
10340.jpg,street,5,,,,,,,,,,
10342.jpg,sea,4,,,,,,,,,,
10352.jpg,buildings,0,,,,,,,,,,
10356.jpg,buildings,0,,,,,,,,,,
1036.jpg,mountain,3,,,,,,,,,,
10360.jpg,forest,1,,,,,,,,,,
10363.jpg,mountain,3,,,,,,,,,,
10366.jpg,sea,4,,,,,,,,,,
1037.jpg,street,5,,,,,,,,,,
10371.jpg,street,5,,,,,,,,,,
10375.jpg,street,5,,,,,,,,,,
10377.jpg,sea,4,,,,,,,,,,
10381.jpg,street,5,,,,,,,,,,
10388.jpg,forest,1,,,,,,,,,,
1039.jpg,buildings,0,,,,,,,,,,
10390.jpg,buildings,0,,,,,,,,,,
10391.jpg,mountain,3,,,,,,,,,,
10395.jpg,street,5,,,,,,,,,,
10397.jpg,sea,4,,,,,,,,,,
10400.jpg,mountain,3,,,,,,,,,,
10401.jpg,mountain,3,,,,,,,,,,
10405.jpg,mountain,3,,,,,,,,,,
10406.jpg,mountain,3,,,,,,,,,,
10409.jpg,mountain,3,,,,,,,,,,
10410.jpg,sea,4,,,,,,,,,,
10413.jpg,street,5,,,,,,,,,,
10414.jpg,buildings,0,,,,,,,,,,
10415.jpg,buildings,0,,,,,,,,,,
10419.jpg,mountain,3,,,,,,,,,,
10423.jpg,buildings,0,,,,,,,,,,
10424.jpg,forest,1,,,,,,,,,,
10425.jpg,sea,4,,,,,,,,,,
10427.jpg,mountain,3,,,,,,,,,,
10434.jpg,mountain,3,,,,,,,,,,
10435.jpg,forest,1,,,,,,,,,,
10436.jpg,mountain,3,,,,,,,,,,
10437.jpg,buildings,0,,,,,,,,,,
10439.jpg,mountain,3,,,,,,,,,,
10445.jpg,forest,1,,,,,,,,,,
10447.jpg,forest,1,,,,,,,,,,
10457.jpg,buildings,0,,,,,,,,,,
10458.jpg,forest,1,,,,,,,,,,
1046.jpg,sea,4,,,,,,,,,,
10461.jpg,street,5,,,,,,,,,,
10469.jpg,sea,4,,,,,,,,,,
10471.jpg,glacier,2,,,,,,,,,,
10475.jpg,mountain,3,,,,,,,,,,
10477.jpg,street,5,,,,,,,,,,
10478.jpg,sea,4,,,,,,,,,,
10479.jpg,forest,1,,,,,,,,,,`
1048.jpg,glacier,2,,,,,,,,,,
10481.jpg,forest,1,,,,,,,,,,
10484.jpg,mountain,3,,,,,,,,,,
10486.jpg,buildings,0,,,,,,,,,,
1049.jpg,street,5,,,,,,,,,,
10498.jpg,glacier,2,,,,,,,,,,
10501.jpg,glacier,2,,,,,,,,,,
1051.jpg,mountain,3,,,,,,,,,,
10512.jpg,street,5,,,,,,,,,,
1052.jpg,forest,1,,,,,,,,,,
10522.jpg,forest,1,,,,,,,,,,
10523.jpg,forest,1,,,,,,,,,,
1053.jpg,buildings,0,,,,,,,,,,
10530.jpg,mountain,5,,,,,,,,,,
10531.jpg,street,5,,,,,,,,,,
10534.jpg,glacier,2,,,,,,,,,,
10535.jpg,mountain,3,,,,,,,,,,
10538.jpg,mountain,3,,,,,,,,,,
10545.jpg,sea,4,,,,,,,,,,
10549.jpg,forest,1,,,,,,,,,,
10557.jpg,mountain,3,,,,,,,,,,
10558.jpg,mountain,3,,,,,,,,,,
10560.jpg,street,5,,,,,,,,,,
10561.jpg,forest,1,,,,,,,,,,
10568.jpg,mountain,3,,,,,,,,,,
10572.jpg,mountain,3,,,,,,,,,,
10579.jpg,forest,1,,,,,,,,,,
10583.jpg,forest,1,,,,,,,,,,
10585.jpg,forest,1,,,,,,,,,,
10586.jpg,street,5,,,,,,,,,,
10587.jpg,street,5,,,,,,,,,,
10590.jpg,street,5,,,,,,,,,,
10591.jpg,buildings,0,,,,,,,,,,
10593.jpg,buildings,0,,,,,,,,,,
1060.jpg,mountain,3,,,,,,,,,,
1061.jpg,mountain,3,,,,,,,,,,
10612.jpg,sea,4,,,,,,,,,,
10614.jpg,forest,1,,,,,,,,,,
10615.jpg,sea,4,,,,,,,,,,
10622.jpg,forest,1,,,,,,,,,,
10625.jpg,sea,4,,,,,,,,,,
10629.jpg,sea,4,,,,,,,,,,
10631.jpg,sea,4,,,,,,,,,,
10634.jpg,mountain,3,,,,,,,,,,
10638.jpg,street,5,,,,,,,,,,
10649.jpg,sea,4,,,,,,,,,,
10651.jpg,sea,4,,,,,,,,,,
10652.jpg,mountain,3,,,,,,,,,,
10657.jpg,forest,1,,,,,,,,,,
1066.jpg,mountain,3,,,,,,,,,,
10660.jpg,mountain,3,,,,,,,,,,
10669.jpg,street,5,,,,,,,,,,
10674.jpg,mountain,3,,,,,,,,,,
10675.jpg,buildings,0,,,,,,,,,,
10676.jpg,mountain,3,,,,,,,,,,
10677.jpg,mountain,3,,,,,,,,,,
10679.jpg,buildings,0,,,,,,,,,,
10680.jpg,forest,1,,,,,,,,,,
10682.jpg,mountain,3,,,,,,,,,,
10685.jpg,sea,4,,,,,,,,,,
10694.jpg,sea,4,,,,,,,,,,
10696.jpg,mountain,3,,,,,,,,,,
10698.jpg,forest,1,,,,,,,,,,
1070.jpg,forest,1,,,,,,,,,,
10700.jpg,buildings,0,,,,,,,,,,
10701.jpg,mountain,3,,,,,,,,,,
10702.jpg,mountain,3,,,,,,,,,,
10708.jpg,sea,4,,,,,,,,,,
1071.jpg,sea,4,,,,,,,,,,
10712.jpg,street,5,,,,,,,,,,
1072.jpg,sea,4,,,,,,,,,,
10726.jpg,forest,1,,,,,,,,,,
10733.jpg,street,5,,,,,,,,,,
10734.jpg,forest,1,,,,,,,,,,
10737.jpg,street,5,,,,,,,,,,
10742.jpg,sea,4,,,,,,,,,,
10746.jpg,buildings,0,,,,,,,,,,
10748.jpg,forest,1,,,,,,,,,,
10749.jpg,buildings,0,,,,,,,,,,
10755.jpg,forest,1,,,,,,,,,,
10758.jpg,street,5,,,,,,,,,,
1076.jpg,forest,1,,,,,,,,,,
10760.jpg,glacier,2,,,,,,,,,,
10762.jpg,glacier,2,,,,,,,,,,
10764.jpg,street,5,,,,,,,,,,
10768.jpg,forest,1,,,,,,,,,,
10769.jpg,mountain,3,,,,,,,,,,
10771.jpg,buildings,0,,,,,,,,,,
10782.jpg,buildings,0,,,,,,,,,,
10785.jpg,mountain,3,,,,,,,,,,
10797.jpg,buildings,0,,,,,,,,,,
10799.jpg,mountain,3,,,,,,,,,,
10806.jpg,glacier,2,,,,,,,,,,
10807.jpg,street,5,,,,,,,,,,
1081.jpg,buildings,0,,,,,,,,,,
10813.jpg,sea,4,,,,,,,,,,
10814.jpg,buildings,0,,,,,,,,,,
10816.jpg,mountain,3,,,,,,,,,,
10817.jpg,street,5,,,,,,,,,,
10818.jpg,street,5,,,,,,,,,,
10819.jpg,mountain,3,,,,,,,,,,
1082.jpg,buildings,0,,,,,,,,,,
10823.jpg,buildings,0,,,,,,,,,,
10829.jpg,forest,1,,,,,,,,,,
1083.jpg,street,5,,,,,,,,,,
10830.jpg,street,5,,,,,,,,,,
10836.jpg,glacier,2,,,,,,,,,,
10839.jpg,mountain,3,,,,,,,,,,
1084.jpg,buildings,0,,,,,,,,,,
10843.jpg,sea,4,,,,,,,,,,
10844.jpg,sea,4,,,,,,,,,,
10855.jpg,buildings,0,,,,,,,,,,
10858.jpg,street,5,,,,,,,,,,
1086.jpg,mountain,3,,,,,,,,,,
10860.jpg,street,5,,,,,,,,,,
10864.jpg,mountain,3,,,,,,,,,,
10866.jpg,sea,4,,,,,,,,,,
10869.jpg,mountain,3,,,,,,,,,,
10871.jpg,street,5,,,,,,,,,,
10873.jpg,forest,1,,,,,,,,,,
10875.jpg,mountain,3,,,,,,,,,,
10879.jpg,forest,1,,,,,,,,,,
10880.jpg,buildings,0,,,,,,,,,,
10885.jpg,mountain,3,,,,,,,,,,
10888.jpg,mountain,3,,,,,,,,,,
10890.jpg,mountain,3,,,,,,,,,,
10893.jpg,sea,4,,,,,,,,,,
10894.jpg,sea,4,,,,,,,,,,
10897.jpg,glacier,2,,,,,,,,,,
10901.jpg,sea,4,,,,,,,,,,
10905.jpg,sea,4,,,,,,,,,,
10906.jpg,street,5,,,,,,,,,,
10910.jpg,forest,1,,,,,,,,,,
10913.jpg,street,5,,,,,,,,,,
10914.jpg,buildings,0,,,,,,,,,,
10918.jpg,sea,4,,,,,,,,,,
10919.jpg,mountain,3,,,,,,,,,,
1092.jpg,glacier,2,,,,,,,,,,
10920.jpg,buildings,0,,,,,,,,,,
10923.jpg,forest,1,,,,,,,,,,
10930.jpg,sea,4,,,,,,,,,,
10931.jpg,buildings,0,,,,,,,,,,
10933.jpg,mountain,3,,,,,,,,,,
10934.jpg,buildings,0,,,,,,,,,,
10939.jpg,mountain,3,,,,,,,,,,
10944.jpg,mountain,3,,,,,,,,,,
10945.jpg,buildings,0,,,,,,,,,,
10949.jpg,buildings,0,,,,,,,,,,
1095.jpg,mountain,3,,,,,,,,,,
10952.jpg,buildings,0,,,,,,,,,,
10956.jpg,mountain,3,,,,,,,,,,
10957.jpg,mountain,3,,,,,,,,,,
10960.jpg,buildings,0,,,,,,,,,,
10964.jpg,mountain,3,,,,,,,,,,
10968.jpg,street,5,,,,,,,,,,
10969.jpg,glacier,2,,,,,,,,,,
10976.jpg,buildings,0,,,,,,,,,,
10979.jpg,mountain,3,,,,,,,,,,
10981.jpg,mountain,3,,,,,,,,,,
10987.jpg,street,5,,,,,,,,,,
10988.jpg,mountain,3,,,,,,,,,,
10989.jpg,forest,1,,,,,,,,,,
10991.jpg,forest,1,,,,,,,,,,
10998.jpg,forest,1,,,,,,,,,,
10999.jpg,street,5,,,,,,,,,,
11.jpg,mountain,3,,,,,,,,,,
110.jpg,mountain,3,,,,,,,,,,
11000.jpg,sea,4,,,,,,,,,,
11001.jpg,sea,4,,,,,,,,,,
11005.jpg,street,5,,,,,,,,,,
11009.jpg,glacier,2,,,,,,,,,,
1101.jpg,street,5,,,,,,,,,,
11012.jpg,street,5,,,,,,,,,,
11013.jpg,sea,4,,,,,,,,,,
11014.jpg,street,5,,,,,,,,,,
11015.jpg,mountain,3,,,,,,,,,,
11017.jpg,sea,4,,,,,,,,,,
1102.jpg,sea,4,,,,,,,,,,
11021.jpg,forest,1,,,,,,,,,,
11022.jpg,sea,4,,,,,,,,,,
11025.jpg,glacier,2,,,,,,,,,,
11031.jpg,mountain,3,,,,,,,,,,
11038.jpg,buildings,0,,,,,,,,,,
11059.jpg,mountain,3,,,,,,,,,,
11061.jpg,forest,1,,,,,,,,,,
11065.jpg,glacier,2,,,,,,,,,,
11067.jpg,mountain,3,,,,,,,,,,
11071.jpg,mountain,3,,,,,,,,,,
11073.jpg,buildings,0,,,,,,,,,,
11078.jpg,buildings,0,,,,,,,,,,
11079.jpg,mountain,3,,,,,,,,,,
11082.jpg,forest,1,,,,,,,,,,
11087.jpg,forest,1,,,,,,,,,,
1109.jpg,street,5,,,,,,,,,,
11091.jpg,buildings,0,,,,,,,,,,
11101.jpg,forest,1,,,,,,,,,,
11102.jpg,sea,4,,,,,,,,,,
11103.jpg,mountain,3,,,,,,,,,,
11104.jpg,street,5,,,,,,,,,,
11105.jpg,street,5,,,,,,,,,,
11109.jpg,street,5,,,,,,,,,,
11115.jpg,mountain,3,,,,,,,,,,
11119.jpg,buildings,0,,,,,,,,,,
11120.jpg,sea,4,,,,,,,,,,
11121.jpg,mountain,3,,,,,,,,,,
11123.jpg,sea,4,,,,,,,,,,
11126.jpg,sea,4,,,,,,,,,,
1113.jpg,sea,4,,,,,,,,,,
11130.jpg,buildings,0,,,,,,,,,,
11135.jpg,buildings,0,,,,,,,,,,
11137.jpg,mountain,3,,,,,,,,,,
1114.jpg,street,5,,,,,,,,,,
11145.jpg,buildings,0,,,,,,,,,,
11147.jpg,street,5,,,,,,,,,,
11153.jpg,glacier,2,,,,,,,,,,
11155.jpg,mountain,3,,,,,,,,,,
11158.jpg,mountain,3,,,,,,,,,,
11159.jpg,street,5,,,,,,,,,,
11163.jpg,sea,4,,,,,,,,,,
11166.jpg,mountain,3,,,,,,,,,,
11167.jpg,mountain,3,,,,,,,,,,
11170.jpg,street,5,,,,,,,,,,
11172.jpg,mountain,3,,,,,,,,,,
11174.jpg,sea,4,,,,,,,,,,
11175.jpg,buildings,0,,,,,,,,,,
11179.jpg,street,5,,,,,,,,,,
1119.jpg,sea,4,,,,,,,,,,
11191.jpg,street,5,,,,,,,,,,
11192.jpg,mountain,3,,,,,,,,,,
11193.jpg,glacier,2,,,,,,,,,,
11194.jpg,street,5,,,,,,,,,,
11195.jpg,glacier,2,,,,,,,,,,
11201.jpg,sea,4,,,,,,,,,,
11205.jpg,buildings,0,,,,,,,,,,
11208.jpg,forest,1,,,,,,,,,,
11210.jpg,buildings,0,,,,,,,,,,
11214.jpg,buildings,0,,,,,,,,,,
11216.jpg,street,5,,,,,,,,,,
11222.jpg,sea,4,,,,,,,,,,
11224.jpg,buildings,0,,,,,,,,,,
11227.jpg,buildings,0,,,,,,,,,,
1123.jpg,mountain,3,,,,,,,,,,
11230.jpg,sea,4,,,,,,,,,,
11240.jpg,forest,1,,,,,,,,,,
11242.jpg,glacier,2,,,,,,,,,,
11243.jpg,mountain,3,,,,,,,,,,
11245.jpg,buildings,0,,,,,,,,,,
11248.jpg,sea,4,,,,,,,,,,
1125.jpg,mountain,3,,,,,,,,,,
11250.jpg,street,5,,,,,,,,,,
11252.jpg,sea,4,,,,,,,,,,
11256.jpg,forest,1,,,,,,,,,,
11258.jpg,street,5,,,,,,,,,,
11260.jpg,mountain,3,,,,,,,,,,
11269.jpg,sea,4,,,,,,,,,,
11273.jpg,street,5,,,,,,,,,,
11285.jpg,buildings,0,,,,,,,,,,
11298.jpg,street,5,,,,,,,,,,
11299.jpg,glacier,2,,,,,,,,,,
1130.jpg,glacier,2,,,,,,,,,,
11301.jpg,glacier,2,,,,,,,,,,
11308.jpg,mountain,3,,,,,,,,,,
11318.jpg,sea,4,,,,,,,,,,
11322.jpg,street,5,,,,,,,,,,
11324.jpg,mountain,3,,,,,,,,,,
11328.jpg,mountain,3,,,,,,,,,,
11330.jpg,forest,1,,,,,,,,,,
11335.jpg,street,5,,,,,,,,,,
11337.jpg,forest,1,,,,,,,,,,
11341.jpg,mountain,3,,,,,,,,,,
11353.jpg,mountain,3,,,,,,,,,,
11356.jpg,mountain,3,,,,,,,,,,
11357.jpg,mountain,3,,,,,,,,,,
1136.jpg,sea,4,,,,,,,,,,
11361.jpg,glacier,2,,,,,,,,,,
11370.jpg,street,5,,,,,,,,,,
11386.jpg,sea,4,,,,,,,,,,
11391.jpg,mountain,3,,,,,,,,,,
11392.jpg,mountain,3,,,,,,,,,,
11394.jpg,glacier,2,,,,,,,,,,
11397.jpg,street,5,,,,,,,,,,
11399.jpg,buildings,0,,,,,,,,,,
11403.jpg,forest,1,,,,,,,,,,
11408.jpg,mountain,3,,,,,,,,,,
1141.jpg,mountain,3,,,,,,,,,,
11411.jpg,street,5,,,,,,,,,,
11420.jpg,street,5,,,,,,,,,,
11422.jpg,glacier,2,,,,,,,,,,
11423.jpg,mountain,3,,,,,,,,,,
11427.jpg,buildings,0,,,,,,,,,,
1143.jpg,forest,1,,,,,,,,,,
11430.jpg,mountain,3,,,,,,,,,,
11431.jpg,buildings,0,,,,,,,,,,
11433.jpg,mountain,3,,,,,,,,,,
11435.jpg,mountain,3,,,,,,,,,,
11443.jpg,buildings,0,,,,,,,,,,
11444.jpg,forest,1,,,,,,,,,,
11445.jpg,glacier,2,,,,,,,,,,
11449.jpg,buildings,0,,,,,,,,,,
11454.jpg,mountain,3,,,,,,,,,,
11461.jpg,sea,4,,,,,,,,,,
11462.jpg,mountain,3,,,,,,,,,,
11463.jpg,mountain,3,,,,,,,,,,
11478.jpg,sea,4,,,,,,,,,,
11481.jpg,mountain,3,,,,,,,,,,
11485.jpg,mountain,3,,,,,,,,,,
11486.jpg,street,5,,,,,,,,,,
11488.jpg,buildings,0,,,,,,,,,,
11496.jpg,sea,4,,,,,,,,,,
1150.jpg,mountain,3,,,,,,,,,,
11500.jpg,mountain,3,,,,,,,,,,
11501.jpg,mountain,3,,,,,,,,,,
11509.jpg,forest,1,,,,,,,,,,
11511.jpg,mountain,3,,,,,,,,,,
11517.jpg,forest,1,,,,,,,,,,
11520.jpg,street,5,,,,,,,,,,
11521.jpg,mountain,3,,,,,,,,,,
11525.jpg,sea,4,,,,,,,,,,
11527.jpg,street,5,,,,,,,,,,
11529.jpg,glacier,2,,,,,,,,,,
11531.jpg,buildings,0,,,,,,,,,,
11533.jpg,buildings,0,,,,,,,,,,
11538.jpg,mountain,3,,,,,,,,,,
11540.jpg,sea,4,,,,,,,,,,
11546.jpg,mountain,3,,,,,,,,,,
11547.jpg,forest,1,,,,,,,,,,
11548.jpg,sea,4,,,,,,,,,,
11549.jpg,mountain,3,,,,,,,,,,
11551.jpg,sea,4,,,,,,,,,,
11564.jpg,street,5,,,,,,,,,,
11565.jpg,mountain,3,,,,,,,,,,
11566.jpg,buildings,0,,,,,,,,,,
11571.jpg,mountain,3,,,,,,,,,,
11572.jpg,buildings,0,,,,,,,,,,
11573.jpg,buildings,0,,,,,,,,,,
11574.jpg,street,5,,,,,,,,,,
11575.jpg,forest,1,,,,,,,,,,
11576.jpg,sea,4,,,,,,,,,,
11577.jpg,sea,4,,,,,,,,,,
1158.jpg,mountain,3,,,,,,,,,,
11580.jpg,buildings,0,,,,,,,,,,
11581.jpg,street,5,,,,,,,,,,
11584.jpg,buildings,0,,,,,,,,,,
11585.jpg,mountain,3,,,,,,,,,,
11588.jpg,street,5,,,,,,,,,,
11589.jpg,forest,1,,,,,,,,,,
11593.jpg,buildings,0,,,,,,,,,,
11596.jpg,sea,4,,,,,,,,,,
11603.jpg,mountain,3,,,,,,,,,,
11607.jpg,mountain,3,,,,,,,,,,
11615.jpg,mountain,3,,,,,,,,,,
11617.jpg,forest,1,,,,,,,,,,
11619.jpg,mountain,3,,,,,,,,,,
1162.jpg,mountain,3,,,,,,,,,,
11623.jpg,forest,1,,,,,,,,,,
11633.jpg,street,5,,,,,,,,,,
11634.jpg,sea,4,,,,,,,,,,
11638.jpg,sea,4,,,,,,,,,,
1164.jpg,street,5,,,,,,,,,,
11643.jpg,glacier,2,,,,,,,,,,
11645.jpg,mountain,3,,,,,,,,,,
11648.jpg,glacier,2,,,,,,,,,,
11651.jpg,mountain,3,,,,,,,,,,
1166.jpg,sea,4,,,,,,,,,,
11666.jpg,forest,1,,,,,,,,,,
11668.jpg,forest,1,,,,,,,,,,
11671.jpg,mountain,3,,,,,,,,,,
11674.jpg,buildings,0,,,,,,,,,,
11678.jpg,glacier,2,,,,,,,,,,
1168.jpg,forest,1,,,,,,,,,,
11682.jpg,sea,4,,,,,,,,,,
11686.jpg,mountain,3,,,,,,,,,,
11688.jpg,street,5,,,,,,,,,,
1169.jpg,buildings,0,,,,,,,,,,
11693.jpg,mountain,3,,,,,,,,,,
11695.jpg,mountain,3,,,,,,,,,,
117.jpg,street,5,,,,,,,,,,
1170.jpg,sea,4,,,,,,,,,,
11703.jpg,sea,4,,,,,,,,,,
11704.jpg,mountain,3,,,,,,,,,,
11705.jpg,street,5,,,,,,,,,,
11711.jpg,mountain,3,,,,,,,,,,
11715.jpg,street,5,,,,,,,,,,
11720.jpg,buildings,0,,,,,,,,,,
11726.jpg,mountain,3,,,,,,,,,,
11729.jpg,mountain,3,,,,,,,,,,
1173.jpg,buildings,0,,,,,,,,,,
11730.jpg,buildings,0,,,,,,,,,,
11738.jpg,mountain,3,,,,,,,,,,
1174.jpg,buildings,0,,,,,,,,,,
11742.jpg,buildings,0,,,,,,,,,,
11752.jpg,forest,1,,,,,,,,,,
11756.jpg,buildings,0,,,,,,,,,,
11757.jpg,mountain,3,,,,,,,,,,
11758.jpg,buildings,0,,,,,,,,,,
1176.jpg,buildings,0,,,,,,,,,,
11761.jpg,mountain,3,,,,,,,,,,
11763.jpg,buildings,0,,,,,,,,,,
11766.jpg,mountain,3,,,,,,,,,,
11767.jpg,forest,1,,,,,,,,,,
11769.jpg,mountain,3,,,,,,,,,,
11771.jpg,mountain,3,,,,,,,,,,
11773.jpg,mountain,3,,,,,,,,,,
11776.jpg,buildings,0,,,,,,,,,,
11778.jpg,sea,4,,,,,,,,,,
11781.jpg,glacier,2,,,,,,,,,,
11789.jpg,street,5,,,,,,,,,,
11791.jpg,street,5,,,,,,,,,,
11792.jpg,mountain,3,,,,,,,,,,
11793.jpg,mountain,3,,,,,,,,,,
11798.jpg,mountain,3,,,,,,,,,,
1180.jpg,forest,1,,,,,,,,,,
11802.jpg,forest,1,,,,,,,,,,
11805.jpg,street,5,,,,,,,,,,
11809.jpg,sea,4,,,,,,,,,,
11811.jpg,mountain,3,,,,,,,,,,
11817.jpg,mountain,3,,,,,,,,,,
11818.jpg,mountain,3,,,,,,,,,,
11819.jpg,mountain,3,,,,,,,,,,
11820.jpg,buildings,0,,,,,,,,,,
11822.jpg,sea,4,,,,,,,,,,
11832.jpg,forest,1,,,,,,,,,,
11835.jpg,forest,1,,,,,,,,,,
11838.jpg,forest,1,,,,,,,,,,
11839.jpg,forest,1,,,,,,,,,,
11848.jpg,forest,1,,,,,,,,,,
11849.jpg,buildings,0,,,,,,,,,,
11853.jpg,sea,4,,,,,,,,,,
11854.jpg,mountain,3,,,,,,,,,,
11863.jpg,mountain,3,,,,,,,,,,
1187.jpg,sea,4,,,,,,,,,,
11870.jpg,mountain,3,,,,,,,,,,
11874.jpg,buildings,0,,,,,,,,,,
11879.jpg,buildings,0,,,,,,,,,,
11881.jpg,glacier,2,,,,,,,,,,
11884.jpg,sea,4,,,,,,,,,,
11885.jpg,street,5,,,,,,,,,,
11886.jpg,street,5,,,,,,,,,,
11890.jpg,street,5,,,,,,,,,,
11891.jpg,sea,4,,,,,,,,,,
11895.jpg,buildings,0,,,,,,,,,,
11897.jpg,buildings,0,,,,,,,,,,
119.jpg,mountain,3,,,,,,,,,,
1190.jpg,sea,4,,,,,,,,,,
11900.jpg,street,5,,,,,,,,,,
11901.jpg,buildings,0,,,,,,,,,,
11903.jpg,buildings,0,,,,,,,,,,
11904.jpg,buildings,0,,,,,,,,,,
11907.jpg,mountain,3,,,,,,,,,,
11909.jpg,street,5,,,,,,,,,,
11912.jpg,sea,4,,,,,,,,,,
11915.jpg,street,5,,,,,,,,,,
11916.jpg,sea,4,,,,,,,,,,
11919.jpg,street,5,,,,,,,,,,
11920.jpg,sea,4,,,,,,,,,,
11930.jpg,mountain,3,,,,,,,,,,
11935.jpg,glacier,2,,,,,,,,,,
11942.jpg,sea,4,,,,,,,,,,
11948.jpg,mountain,3,,,,,,,,,,
11949.jpg,forest,1,,,,,,,,,,
11950.jpg,sea,4,,,,,,,,,,
11953.jpg,glacier,2,,,,,,,,,,
11958.jpg,forest,1,,,,,,,,,,
11962.jpg,forest,1,,,,,,,,,,
11965.jpg,forest,1,,,,,,,,,,
11968.jpg,street,5,,,,,,,,,,
1197.jpg,street,5,,,,,,,,,,
11971.jpg,buildings,0,,,,,,,,,,
11972.jpg,buildings,0,,,,,,,,,,
11975.jpg,glacier,2,,,,,,,,,,
11983.jpg,buildings,0,,,,,,,,,,
11984.jpg,forest,1,,,,,,,,,,
11995.jpg,mountain,3,,,,,,,,,,
11996.jpg,forest,1,,,,,,,,,,
11997.jpg,sea,4,,,,,,,,,,
11998.jpg,sea,4,,,,,,,,,,
1200.jpg,mountain,3,,,,,,,,,,
12006.jpg,sea,4,,,,,,,,,,
12012.jpg,street,5,,,,,,,,,,
12015.jpg,glacier,2,,,,,,,,,,
12017.jpg,buildings,0,,,,,,,,,,
1202.jpg,glacier,2,,,,,,,,,,
12022.jpg,mountain,3,,,,,,,,,,
12023.jpg,sea,4,,,,,,,,,,
12026.jpg,mountain,3,,,,,,,,,,
12033.jpg,glacier,2,,,,,,,,,,
12036.jpg,buildings,0,,,,,,,,,,
12037.jpg,forest,1,,,,,,,,,,
12041.jpg,mountain,3,,,,,,,,,,
12045.jpg,forest,1,,,,,,,,,,
12052.jpg,forest,1,,,,,,,,,,
12056.jpg,mountain,3,,,,,,,,,,
12057.jpg,buildings,0,,,,,,,,,,
1206.jpg,buildings,0,,,,,,,,,,
12061.jpg,sea,4,,,,,,,,,,
12062.jpg,mountain,3,,,,,,,,,,
1207.jpg,street,5,,,,,,,,,,
12072.jpg,street,5,,,,,,,,,,
12073.jpg,mountain,3,,,,,,,,,,
12076.jpg,glacier,2,,,,,,,,,,
12078.jpg,sea,4,,,,,,,,,,
12079.jpg,sea,4,,,,,,,,,,
12080.jpg,buildings,0,,,,,,,,,,
12082.jpg,mountain,3,,,,,,,,,,
12085.jpg,sea,4,,,,,,,,,,
12086.jpg,forest,1,,,,,,,,,,
12087.jpg,buildings,0,,,,,,,,,,
12088.jpg,mountain,3,,,,,,,,,,
12090.jpg,mountain,3,,,,,,,,,,
12095.jpg,mountain,3,,,,,,,,,,
12098.jpg,glacier,2,,,,,,,,,,
12099.jpg,glacier,2,,,,,,,,,,
121.jpg,street,5,,,,,,,,,,
12100.jpg,buildings,0,,,,,,,,,,
12109.jpg,mountain,3,,,,,,,,,,
1211.jpg,mountain,3,,,,,,,,,,
12112.jpg,glacier,2,,,,,,,,,,
12115.jpg,street,5,,,,,,,,,,
12124.jpg,buildings,0,,,,,,,,,,
12128.jpg,buildings,0,,,,,,,,,,
12132.jpg,street,5,,,,,,,,,,
12133.jpg,sea,4,,,,,,,,,,
12137.jpg,mountain,3,,,,,,,,,,
12139.jpg,sea,4,,,,,,,,,,
1214.jpg,buildings,0,,,,,,,,,,
12141.jpg,buildings,0,,,,,,,,,,
12150.jpg,street,5,,,,,,,,,,
12153.jpg,buildings,0,,,,,,,,,,
12155.jpg,sea,4,,,,,,,,,,
12163.jpg,buildings,0,,,,,,,,,,
12176.jpg,street,5,,,,,,,,,,
12180.jpg,forest,1,,,,,,,,,,
12182.jpg,street,5,,,,,,,,,,
12183.jpg,forest,1,,,,,,,,,,
12184.jpg,street,5,,,,,,,,,,
12189.jpg,glacier,2,,,,,,,,,,
12192.jpg,sea,4,,,,,,,,,,
12199.jpg,mountain,3,,,,,,,,,,
12201.jpg,mountain,3,,,,,,,,,,
12205.jpg,mountain,3,,,,,,,,,,
12207.jpg,forest,1,,,,,,,,,,
12211.jpg,sea,4,,,,,,,,,,
12215.jpg,sea,4,,,,,,,,,,
1222.jpg,mountain,3,,,,,,,,,,
12229.jpg,forest,1,,,,,,,,,,
1223.jpg,mountain,3,,,,,,,,,,
12234.jpg,street,5,,,,,,,,,,
12246.jpg,street,5,,,,,,,,,,
12250.jpg,glacier,2,,,,,,,,,,
12251.jpg,mountain,3,,,,,,,,,,
12253.jpg,glacier,2,,,,,,,,,,
12254.jpg,mountain,3,,,,,,,,,,
12259.jpg,mountain,3,,,,,,,,,,
1226.jpg,forest,1,,,,,,,,,,
12261.jpg,forest,1,,,,,,,,,,
12264.jpg,street,5,,,,,,,,,,
12267.jpg,forest,1,,,,,,,,,,
12269.jpg,street,5,,,,,,,,,,
1227.jpg,sea,4,,,,,,,,,,
12271.jpg,buildings,0,,,,,,,,,,
12275.jpg,street,5,,,,,,,,,,
12276.jpg,mountain,3,,,,,,,,,,
12278.jpg,buildings,0,,,,,,,,,,
12279.jpg,glacier,2,,,,,,,,,,
12284.jpg,street,5,,,,,,,,,,
12285.jpg,forest,1,,,,,,,,,,
12286.jpg,buildings,0,,,,,,,,,,
12289.jpg,forest,1,,,,,,,,,,
12291.jpg,street,5,,,,,,,,,,
12293.jpg,street,5,,,,,,,,,,
12297.jpg,forest,1,,,,,,,,,,
12298.jpg,buildings,0,,,,,,,,,,
12302.jpg,sea,4,,,,,,,,,,
12305.jpg,mountain,3,,,,,,,,,,
12312.jpg,forest,1,,,,,,,,,,
12318.jpg,sea,4,,,,,,,,,,
12321.jpg,buildings,0,,,,,,,,,,
12325.jpg,mountain,3,,,,,,,,,,
12326.jpg,glacier,2,,,,,,,,,,
12329.jpg,buildings,0,,,,,,,,,,
12331.jpg,sea,4,,,,,,,,,,
12332.jpg,mountain,3,,,,,,,,,,
12334.jpg,mountain,3,,,,,,,,,,
12335.jpg,forest,1,,,,,,,,,,
1234.jpg,buildings,0,,,,,,,,,,
12340.jpg,street,5,,,,,,,,,,
12341.jpg,forest,1,,,,,,,,,,
12347.jpg,buildings,0,,,,,,,,,,
12350.jpg,sea,4,,,,,,,,,,
12351.jpg,sea,4,,,,,,,,,,
12352.jpg,forest,1,,,,,,,,,,
12354.jpg,sea,4,,,,,,,,,,
12355.jpg,street,5,,,,,,,,,,
12356.jpg,mountain,3,,,,,,,,,,
12359.jpg,buildings,0,,,,,,,,,,
12361.jpg,mountain,3,,,,,,,,,,
12362.jpg,buildings,0,,,,,,,,,,
12363.jpg,mountain,3,,,,,,,,,,
12371.jpg,street,5,,,,,,,,,,
12373.jpg,mountain,3,,,,,,,,,,
12374.jpg,sea,4,,,,,,,,,,
12376.jpg,sea,4,,,,,,,,,,
12377.jpg,street,5,,,,,,,,,,
1239.jpg,mountain,3,,,,,,,,,,
12390.jpg,glacier,2,,,,,,,,,,
12394.jpg,street,5,,,,,,,,,,
12395.jpg,mountain,3,,,,,,,,,,
12399.jpg,mountain,3,,,,,,,,,,
12402.jpg,buildings,0,,,,,,,,,,
12407.jpg,street,5,,,,,,,,,,
12409.jpg,buildings,0,,,,,,,,,,
1241.jpg,sea,4,,,,,,,,,,
12413.jpg,sea,4,,,,,,,,,,
12419.jpg,street,5,,,,,,,,,,
12420.jpg,sea,4,,,,,,,,,,
12421.jpg,forest,1,,,,,,,,,,
12422.jpg,mountain,3,,,,,,,,,,
12423.jpg,buildings,0,,,,,,,,,,
12437.jpg,buildings,0,,,,,,,,,,
12443.jpg,street,5,,,,,,,,,,
12446.jpg,mountain,3,,,,,,,,,,
1245.jpg,buildings,0,,,,,,,,,,
12453.jpg,sea,4,,,,,,,,,,
12459.jpg,sea,4,,,,,,,,,,
12461.jpg,sea,4,,,,,,,,,,
12464.jpg,forest,1,,,,,,,,,,
1247.jpg,glacier,2,,,,,,,,,,
12475.jpg,sea,4,,,,,,,,,,
12476.jpg,mountain,3,,,,,,,,,,
12480.jpg,street,5,,,,,,,,,,
12484.jpg,street,5,,,,,,,,,,
12486.jpg,mountain,3,,,,,,,,,,
12491.jpg,buildings,0,,,,,,,,,,
12497.jpg,glacier,2,,,,,,,,,,
12498.jpg,mountain,3,,,,,,,,,,
12501.jpg,buildings,0,,,,,,,,,,
12514.jpg,forest,1,,,,,,,,,,
12516.jpg,forest,1,,,,,,,,,,
12525.jpg,mountain,3,,,,,,,,,,
12527.jpg,forest,1,,,,,,,,,,
1253.jpg,mountain,3,,,,,,,,,,
12537.jpg,sea,4,,,,,,,,,,
12541.jpg,mountain,3,,,,,,,,,,
12545.jpg,buildings,0,,,,,,,,,,
1255.jpg,mountain,3,,,,,,,,,,
12550.jpg,mountain,3,,,,,,,,,,
12553.jpg,buildings,0,,,,,,,,,,
12554.jpg,mountain,3,,,,,,,,,,
12557.jpg,mountain,3,,,,,,,,,,
12563.jpg,mountain,3,,,,,,,,,,
12564.jpg,buildings,0,,,,,,,,,,
12573.jpg,buildings,0,,,,,,,,,,
12575.jpg,sea,4,,,,,,,,,,
12577.jpg,mountain,3,,,,,,,,,,
1258.jpg,mountain,3,,,,,,,,,,
12582.jpg,forest,1,,,,,,,,,,
12586.jpg,mountain,3,,,,,,,,,,
12587.jpg,buildings,0,,,,,,,,,,
126.jpg,buildings,0,,,,,,,,,,
12606.jpg,forest,1,,,,,,,,,,
12607.jpg,street,5,,,,,,,,,,
12608.jpg,buildings,0,,,,,,,,,,
12609.jpg,forest,1,,,,,,,,,,
12612.jpg,sea,4,,,,,,,,,,
12614.jpg,mountain,3,,,,,,,,,,
12625.jpg,street,5,,,,,,,,,,
12626.jpg,forest,1,,,,,,,,,,
12628.jpg,mountain,3,,,,,,,,,,
12631.jpg,forest,1,,,,,,,,,,
12635.jpg,buildings,0,,,,,,,,,,
1264.jpg,forest,1,,,,,,,,,,
12642.jpg,mountain,3,,,,,,,,,,
12643.jpg,sea,4,,,,,,,,,,
12645.jpg,mountain,3,,,,,,,,,,
12648.jpg,mountain,3,,,,,,,,,,
12650.jpg,street,5,,,,,,,,,,
12662.jpg,mountain,3,,,,,,,,,,
12670.jpg,mountain,3,,,,,,,,,,
12675.jpg,sea,4,,,,,,,,,,
12677.jpg,street,5,,,,,,,,,,
1268.jpg,mountain,3,,,,,,,,,,
12683.jpg,buildings,0,,,,,,,,,,
12686.jpg,mountain,3,,,,,,,,,,
12687.jpg,buildings,0,,,,,,,,,,
127.jpg,mountain,3,,,,,,,,,,
12700.jpg,mountain,3,,,,,,,,,,
12707.jpg,mountain,3,,,,,,,,,,
12709.jpg,glacier,2,,,,,,,,,,
1271.jpg,forest,1,,,,,,,,,,
12712.jpg,mountain,3,,,,,,,,,,
12715.jpg,mountain,3,,,,,,,,,,
12722.jpg,street,5,,,,,,,,,,
12724.jpg,street,5,,,,,,,,,,
12725.jpg,street,5,,,,,,,,,,
12730.jpg,sea,4,,,,,,,,,,
12731.jpg,forest,1,,,,,,,,,,
1274.jpg,sea,4,,,,,,,,,,
12749.jpg,sea,4,,,,,,,,,,
12751.jpg,sea,4,,,,,,,,,,
12753.jpg,buildings,0,,,,,,,,,,
12756.jpg,buildings,0,,,,,,,,,,
1276.jpg,buildings,0,,,,,,,,,,
12763.jpg,sea,4,,,,,,,,,,
12764.jpg,mountain,3,,,,,,,,,,
12765.jpg,buildings,0,,,,,,,,,,
1277.jpg,sea,4,,,,,,,,,,
12774.jpg,glacier,2,,,,,,,,,,
12778.jpg,sea,4,,,,,,,,,,
12781.jpg,street,5,,,,,,,,,,
12784.jpg,sea,4,,,,,,,,,,
12785.jpg,forest,1,,,,,,,,,,
1279.jpg,buildings,0,,,,,,,,,,
12791.jpg,street,5,,,,,,,,,,
12796.jpg,street,5,,,,,,,,,,
12797.jpg,forest,1,,,,,,,,,,
12800.jpg,forest,1,,,,,,,,,,
12804.jpg,glacier,2,,,,,,,,,,
12809.jpg,sea,4,,,,,,,,,,
12812.jpg,glacier,2,,,,,,,,,,
12813.jpg,forest,1,,,,,,,,,,
12816.jpg,street,5,,,,,,,,,,
12824.jpg,sea,4,,,,,,,,,,
12825.jpg,sea,4,,,,,,,,,,
12828.jpg,mountain,3,,,,,,,,,,
1283.jpg,glacier,2,,,,,,,,,,
12830.jpg,forest,1,,,,,,,,,,
12831.jpg,mountain,3,,,,,,,,,,
12832.jpg,mountain,3,,,,,,,,,,
12833.jpg,sea,4,,,,,,,,,,
12834.jpg,buildings,0,,,,,,,,,,
12835.jpg,buildings,0,,,,,,,,,,
12836.jpg,street,5,,,,,,,,,,
12838.jpg,street,5,,,,,,,,,,
12841.jpg,buildings,0,,,,,,,,,,
12842.jpg,street,5,,,,,,,,,,
12844.jpg,sea,4,,,,,,,,,,
12847.jpg,buildings,0,,,,,,,,,,
12850.jpg,sea,4,,,,,,,,,,
12851.jpg,sea,4,,,,,,,,,,
12853.jpg,glacier,2,,,,,,,,,,
12854.jpg,mountain,3,,,,,,,,,,
12856.jpg,buildings,0,,,,,,,,,,
12859.jpg,forest,1,,,,,,,,,,
12860.jpg,buildings,0,,,,,,,,,,
12866.jpg,buildings,0,,,,,,,,,,
12867.jpg,glacier,2,,,,,,,,,,
12869.jpg,glacier,2,,,,,,,,,,
12879.jpg,mountain,3,,,,,,,,,,
1288.jpg,mountain,3,,,,,,,,,,
1289.jpg,sea,4,,,,,,,,,,
12891.jpg,glacier,2,,,,,,,,,,
12894.jpg,mountain,3,,,,,,,,,,
12895.jpg,forest,1,,,,,,,,,,
12896.jpg,street,5,,,,,,,,,,
12899.jpg,buildings,0,,,,,,,,,,
129.jpg,sea,4,,,,,,,,,,
1290.jpg,mountain,3,,,,,,,,,,
12901.jpg,forest,1,,,,,,,,,,
12902.jpg,street,5,,,,,,,,,,
12911.jpg,forest,1,,,,,,,,,,
12914.jpg,street,5,,,,,,,,,,
12918.jpg,buildings,0,,,,,,,,,,
12920.jpg,forest,1,,,,,,,,,,
12921.jpg,street,5,,,,,,,,,,
12922.jpg,glacier,2,,,,,,,,,,
12932.jpg,street,5,,,,,,,,,,
12936.jpg,street,5,,,,,,,,,,
1294.jpg,mountain,3,,,,,,,,,,
12941.jpg,mountain,3,,,,,,,,,,
12949.jpg,sea,4,,,,,,,,,,
12951.jpg,sea,4,,,,,,,,,,
12952.jpg,mountain,3,,,,,,,,,,
12953.jpg,mountain,3,,,,,,,,,,
12954.jpg,sea,4,,,,,,,,,,
12959.jpg,buildings,0,,,,,,,,,,
12960.jpg,buildings,0,,,,,,,,,,
12961.jpg,buildings,0,,,,,,,,,,
12962.jpg,forest,1,,,,,,,,,,
12964.jpg,forest,1,,,,,,,,,,
12966.jpg,mountain,3,,,,,,,,,,
12969.jpg,mountain,3,,,,,,,,,,
12970.jpg,street,5,,,,,,,,,,
12971.jpg,sea,4,,,,,,,,,,
12972.jpg,mountain,3,,,,,,,,,,
12975.jpg,sea,4,,,,,,,,,,
12977.jpg,mountain,3,,,,,,,,,,
12978.jpg,forest,1,,,,,,,,,,
12979.jpg,street,5,,,,,,,,,,
12980.jpg,glacier,2,,,,,,,,,,
12984.jpg,forest,1,,,,,,,,,,
12985.jpg,buildings,0,,,,,,,,,,
12989.jpg,forest,1,,,,,,,,,,
12997.jpg,buildings,0,,,,,,,,,,
130.jpg,sea,4,,,,,,,,,,
1300.jpg,sea,4,,,,,,,,,,
13001.jpg,mountain,3,,,,,,,,,,
13004.jpg,sea,4,,,,,,,,,,
13007.jpg,mountain,3,,,,,,,,,,
13012.jpg,sea,4,,,,,,,,,,
13014.jpg,buildings,0,,,,,,,,,,
13015.jpg,mountain,3,,,,,,,,,,
13016.jpg,glacier,2,,,,,,,,,,
13017.jpg,buildings,0,,,,,,,,,,
13018.jpg,sea,4,,,,,,,,,,
1302.jpg,sea,4,,,,,,,,,,
13022.jpg,mountain,3,,,,,,,,,,
13028.jpg,sea,4,,,,,,,,,,
13029.jpg,sea,4,,,,,,,,,,
13031.jpg,forest,1,,,,,,,,,,
13034.jpg,mountain,3,,,,,,,,,,
13036.jpg,mountain,3,,,,,,,,,,
13037.jpg,buildings,0,,,,,,,,,,
13039.jpg,street,5,,,,,,,,,,
13042.jpg,mountain,3,,,,,,,,,,
13047.jpg,forest,1,,,,,,,,,,
13055.jpg,forest,1,,,,,,,,,,
13060.jpg,forest,1,,,,,,,,,,
13062.jpg,mountain,3,,,,,,,,,,
13063.jpg,mountain,3,,,,,,,,,,
13065.jpg,mountain,3,,,,,,,,,,
13066.jpg,street,5,,,,,,,,,,
13069.jpg,forest,1,,,,,,,,,,
1307.jpg,sea,4,,,,,,,,,,
13070.jpg,forest,1,,,,,,,,,,
13073.jpg,street,5,,,,,,,,,,
13074.jpg,glacier,2,,,,,,,,,,
13081.jpg,street,5,,,,,,,,,,
13084.jpg,glacier,2,,,,,,,,,,
13085.jpg,sea,4,,,,,,,,,,
13087.jpg,buildings,0,,,,,,,,,,
13088.jpg,sea,4,,,,,,,,,,
13091.jpg,mountain,3,,,,,,,,,,
13095.jpg,glacier,2,,,,,,,,,,
13096.jpg,street,5,,,,,,,,,,
13098.jpg,mountain,3,,,,,,,,,,
13100.jpg,sea,4,,,,,,,,,,
13101.jpg,forest,1,,,,,,,,,,
13102.jpg,buildings,0,,,,,,,,,,
13104.jpg,buildings,0,,,,,,,,,,
13109.jpg,mountain,3,,,,,,,,,,
13110.jpg,street,5,,,,,,,,,,
13116.jpg,mountain,3,,,,,,,,,,
13119.jpg,forest,1,,,,,,,,,,
13120.jpg,glacier,2,,,,,,,,,,
13123.jpg,glacier,2,,,,,,,,,,
1313.jpg,forest,1,,,,,,,,,,
13133.jpg,glacier,2,,,,,,,,,,
13136.jpg,mountain,3,,,,,,,,,,
13137.jpg,mountain,3,,,,,,,,,,
13138.jpg,buildings,0,,,,,,,,,,
13148.jpg,buildings,0,,,,,,,,,,
13150.jpg,mountain,3,,,,,,,,,,
13161.jpg,mountain,3,,,,,,,,,,
13162.jpg,mountain,3,,,,,,,,,,
13163.jpg,mountain,3,,,,,,,,,,
13168.jpg,sea,4,,,,,,,,,,
13169.jpg,buildings,0,,,,,,,,,,
13174.jpg,sea,4,,,,,,,,,,
13176.jpg,mountain,3,,,,,,,,,,
13178.jpg,street,5,,,,,,,,,,
13179.jpg,forest,1,,,,,,,,,,
1319.jpg,forest,1,,,,,,,,,,
13192.jpg,street,5,,,,,,,,,,
13193.jpg,street,5,,,,,,,,,,
13199.jpg,mountain,3,,,,,,,,,,
132.jpg,sea,4,,,,,,,,,,
13202.jpg,forest,1,,,,,,,,,,
13204.jpg,buildings,0,,,,,,,,,,
13208.jpg,mountain,3,,,,,,,,,,
13214.jpg,street,5,,,,,,,,,,
1322.jpg,sea,4,,,,,,,,,,
13224.jpg,mountain,3,,,,,,,,,,
13227.jpg,forest,1,,,,,,,,,,
13230.jpg,mountain,3,,,,,,,,,,
13237.jpg,buildings,0,,,,,,,,,,
13239.jpg,sea,4,,,,,,,,,,
1324.jpg,street,5,,,,,,,,,,
13243.jpg,glacier,2,,,,,,,,,,
13246.jpg,street,5,,,,,,,,,,
13252.jpg,mountain,3,,,,,,,,,,
13255.jpg,forest,1,,,,,,,,,,
13256.jpg,sea,4,,,,,,,,,,
13260.jpg,mountain,3,,,,,,,,,,
13261.jpg,buildings,0,,,,,,,,,,
13262.jpg,buildings,0,,,,,,,,,,
13269.jpg,mountain,3,,,,,,,,,,
13271.jpg,buildings,0,,,,,,,,,,
13275.jpg,glacier,2,,,,,,,,,,
1328.jpg,sea,4,,,,,,,,,,
13282.jpg,forest,1,,,,,,,,,,
13283.jpg,street,5,,,,,,,,,,
13290.jpg,mountain,3,,,,,,,,,,
13291.jpg,glacier,2,,,,,,,,,,
13292.jpg,sea,4,,,,,,,,,,
13295.jpg,buildings,0,,,,,,,,,,
13296.jpg,mountain,3,,,,,,,,,,
13297.jpg,mountain,3,,,,,,,,,,
13299.jpg,mountain,3,,,,,,,,,,
133.jpg,buildings,0,,,,,,,,,,
1330.jpg,street,5,,,,,,,,,,
13302.jpg,street,5,,,,,,,,,,
13303.jpg,mountain,3,,,,,,,,,,
13305.jpg,mountain,3,,,,,,,,,,
13316.jpg,street,5,,,,,,,,,,
13318.jpg,buildings,0,,,,,,,,,,
13321.jpg,sea,4,,,,,,,,,,
13325.jpg,sea,4,,,,,,,,,,
13326.jpg,street,5,,,,,,,,,,
13329.jpg,buildings,0,,,,,,,,,,
13330.jpg,sea,4,,,,,,,,,,
13331.jpg,buildings,0,,,,,,,,,,
13333.jpg,mountain,3,,,,,,,,,,
13335.jpg,buildings,0,,,,,,,,,,
1334.jpg,sea,4,,,,,,,,,,
13340.jpg,sea,4,,,,,,,,,,
13341.jpg,mountain,3,,,,,,,,,,
13342.jpg,street,5,,,,,,,,,,
13344.jpg,sea,4,,,,,,,,,,
13345.jpg,forest,1,,,,,,,,,,
13346.jpg,forest,1,,,,,,,,,,
13356.jpg,mountain,3,,,,,,,,,,
13358.jpg,street,5,,,,,,,,,,
13365.jpg,sea,4,,,,,,,,,,
13367.jpg,sea,4,,,,,,,,,,
13369.jpg,glacier,2,,,,,,,,,,
1337.jpg,buildings,0,,,,,,,,,,
13370.jpg,sea,4,,,,,,,,,,
13373.jpg,forest,1,,,,,,,,,,
13379.jpg,mountain,3,,,,,,,,,,
1338.jpg,mountain,3,,,,,,,,,,
13381.jpg,street,5,,,,,,,,,,
13389.jpg,street,5,,,,,,,,,,
13390.jpg,street,5,,,,,,,,,,
13392.jpg,street,5,,,,,,,,,,
13394.jpg,mountain,3,,,,,,,,,,
13398.jpg,sea,4,,,,,,,,,,
13399.jpg,buildings,0,,,,,,,,,,
13407.jpg,buildings,0,,,,,,,,,,
13408.jpg,buildings,0,,,,,,,,,,
13410.jpg,buildings,0,,,,,,,,,,
13413.jpg,mountain,3,,,,,,,,,,
13414.jpg,mountain,3,,,,,,,,,,
13415.jpg,buildings,0,,,,,,,,,,
13416.jpg,mountain,3,,,,,,,,,,
13424.jpg,sea,4,,,,,,,,,,
13428.jpg,buildings,0,,,,,,,,,,
13433.jpg,mountain,3,,,,,,,,,,
13434.jpg,mountain,3,,,,,,,,,,
13436.jpg,mountain,3,,,,,,,,,,
13438.jpg,street,5,,,,,,,,,,
13441.jpg,forest,1,,,,,,,,,,
13443.jpg,mountain,3,,,,,,,,,,
13447.jpg,street,5,,,,,,,,,,
13448.jpg,forest,1,,,,,,,,,,
13450.jpg,sea,4,,,,,,,,,,
13454.jpg,street,5,,,,,,,,,,
13457.jpg,mountain,3,,,,,,,,,,
13458.jpg,forest,1,,,,,,,,,,
13459.jpg,buildings,0,,,,,,,,,,
13460.jpg,mountain,3,,,,,,,,,,
13461.jpg,buildings,0,,,,,,,,,,
13462.jpg,forest,1,,,,,,,,,,
13465.jpg,mountain,3,,,,,,,,,,
13466.jpg,glacier,2,,,,,,,,,,
13467.jpg,sea,4,,,,,,,,,,
13468.jpg,sea,4,,,,,,,,,,
13469.jpg,street,5,,,,,,,,,,
1347.jpg,forest,1,,,,,,,,,,
13471.jpg,street,5,,,,,,,,,,
13475.jpg,forest,1,,,,,,,,,,
13476.jpg,forest,1,,,,,,,,,,
1348.jpg,forest,1,,,,,,,,,,
13481.jpg,buildings,0,,,,,,,,,,
13485.jpg,street,5,,,,,,,,,,
13488.jpg,glacier,2,,,,,,,,,,
13489.jpg,street,5,,,,,,,,,,
1349.jpg,sea,4,,,,,,,,,,
13491.jpg,forest,1,,,,,,,,,,
13498.jpg,mountain,3,,,,,,,,,,
135.jpg,sea,4,,,,,,,,,,
13500.jpg,mountain,3,,,,,,,,,,
13501.jpg,forest,1,,,,,,,,,,
13509.jpg,sea,4,,,,,,,,,,
1351.jpg,forest,1,,,,,,,,,,
13510.jpg,mountain,3,,,,,,,,,,
13512.jpg,sea,4,,,,,,,,,,
13513.jpg,forest,1,,,,,,,,,,
13517.jpg,forest,1,,,,,,,,,,
13518.jpg,mountain,3,,,,,,,,,,
1352.jpg,buildings,0,,,,,,,,,,
13520.jpg,sea,4,,,,,,,,,,
13529.jpg,mountain,3,,,,,,,,,,
13530.jpg,buildings,0,,,,,,,,,,
13541.jpg,forest,1,,,,,,,,,,
13542.jpg,forest,1,,,,,,,,,,
13545.jpg,sea,4,,,,,,,,,,
13547.jpg,sea,4,,,,,,,,,,
1355.jpg,sea,4,,,,,,,,,,
13550.jpg,sea,4,,,,,,,,,,
13552.jpg,glacier,2,,,,,,,,,,
13554.jpg,mountain,3,,,,,,,,,,
13555.jpg,sea,4,,,,,,,,,,
13558.jpg,mountain,3,,,,,,,,,,
1356.jpg,mountain,3,,,,,,,,,,
13561.jpg,mountain,3,,,,,,,,,,
13562.jpg,forest,1,,,,,,,,,,
13566.jpg,mountain,3,,,,,,,,,,
13571.jpg,sea,4,,,,,,,,,,
13576.jpg,mountain,3,,,,,,,,,,
13578.jpg,street,5,,,,,,,,,,
13580.jpg,street,5,,,,,,,,,,
13581.jpg,sea,4,,,,,,,,,,
13584.jpg,buildings,0,,,,,,,,,,
13585.jpg,sea,4,,,,,,,,,,
13589.jpg,street,5,,,,,,,,,,
1359.jpg,mountain,3,,,,,,,,,,
13591.jpg,forest,1,,,,,,,,,,
13595.jpg,sea,4,,,,,,,,,,
13598.jpg,sea,4,,,,,,,,,,
1360.jpg,mountain,3,,,,,,,,,,
13601.jpg,glacier,2,,,,,,,,,,
13604.jpg,buildings,0,,,,,,,,,,
13606.jpg,sea,4,,,,,,,,,,
13607.jpg,mountain,3,,,,,,,,,,
13610.jpg,buildings,0,,,,,,,,,,
13614.jpg,glacier,2,,,,,,,,,,
13616.jpg,sea,4,,,,,,,,,,
13619.jpg,sea,4,,,,,,,,,,
13620.jpg,street,5,,,,,,,,,,
13628.jpg,mountain,3,,,,,,,,,,
13636.jpg,mountain,3,,,,,,,,,,
1364.jpg,street,5,,,,,,,,,,
13641.jpg,forest,1,,,,,,,,,,
13646.jpg,buildings,0,,,,,,,,,,
13647.jpg,street,5,,,,,,,,,,
13653.jpg,mountain,3,,,,,,,,,,
13657.jpg,buildings,0,,,,,,,,,,
13660.jpg,sea,4,,,,,,,,,,
13661.jpg,sea,4,,,,,,,,,,
13662.jpg,sea,4,,,,,,,,,,
13663.jpg,forest,1,,,,,,,,,,
13670.jpg,forest,1,,,,,,,,,,
13672.jpg,forest,1,,,,,,,,,,
13683.jpg,sea,4,,,,,,,,,,
13684.jpg,mountain,3,,,,,,,,,,
13686.jpg,mountain,3,,,,,,,,,,
13690.jpg,mountain,3,,,,,,,,,,
13693.jpg,forest,1,,,,,,,,,,
13694.jpg,street,5,,,,,,,,,,
13695.jpg,glacier,2,,,,,,,,,,
13696.jpg,sea,4,,,,,,,,,,
1370.jpg,mountain,3,,,,,,,,,,
13704.jpg,mountain,3,,,,,,,,,,
13707.jpg,street,5,,,,,,,,,,
13708.jpg,street,5,,,,,,,,,,
1371.jpg,mountain,3,,,,,,,,,,
13712.jpg,street,5,,,,,,,,,,
13713.jpg,street,5,,,,,,,,,,
13714.jpg,buildings,0,,,,,,,,,,
13718.jpg,forest,1,,,,,,,,,,
13724.jpg,mountain,3,,,,,,,,,,
13727.jpg,mountain,3,,,,,,,,,,
13738.jpg,mountain,3,,,,,,,,,,
1374.jpg,mountain,3,,,,,,,,,,
13744.jpg,street,5,,,,,,,,,,
13751.jpg,buildings,0,,,,,,,,,,
13752.jpg,sea,4,,,,,,,,,,
13754.jpg,buildings,0,,,,,,,,,,
13755.jpg,sea,4,,,,,,,,,,
13756.jpg,forest,1,,,,,,,,,,
13758.jpg,buildings,0,,,,,,,,,,
1376.jpg,mountain,3,,,,,,,,,,
13768.jpg,mountain,3,,,,,,,,,,
13772.jpg,street,5,,,,,,,,,,
13774.jpg,street,5,,,,,,,,,,
13778.jpg,street,5,,,,,,,,,,
13786.jpg,mountain,3,,,,,,,,,,
13787.jpg,glacier,2,,,,,,,,,,
13795.jpg,mountain,3,,,,,,,,,,
13799.jpg,sea,4,,,,,,,,,,
13802.jpg,forest,1,,,,,,,,,,
13805.jpg,buildings,0,,,,,,,,,,
13807.jpg,mountain,3,,,,,,,,,,
13810.jpg,sea,4,,,,,,,,,,
13814.jpg,sea,4,,,,,,,,,,
13817.jpg,forest,1,,,,,,,,,,
1382.jpg,mountain,3,,,,,,,,,,
1383.jpg,buildings,0,,,,,,,,,,
13830.jpg,mountain,3,,,,,,,,,,
13831.jpg,sea,4,,,,,,,,,,
13837.jpg,mountain,3,,,,,,,,,,
13838.jpg,mountain,3,,,,,,,,,,
13840.jpg,street,5,,,,,,,,,,
13845.jpg,buildings,0,,,,,,,,,,
13850.jpg,glacier,2,,,,,,,,,,
13852.jpg,mountain,3,,,,,,,,,,
13853.jpg,buildings,0,,,,,,,,,,
1386.jpg,buildings,0,,,,,,,,,,
13865.jpg,forest,1,,,,,,,,,,
13867.jpg,sea,4,,,,,,,,,,
13869.jpg,street,5,,,,,,,,,,
1387.jpg,buildings,0,,,,,,,,,,
13870.jpg,forest,1,,,,,,,,,,
13872.jpg,buildings,0,,,,,,,,,,
13875.jpg,forest,1,,,,,,,,,,
13876.jpg,buildings,0,,,,,,,,,,
13877.jpg,sea,4,,,,,,,,,,
13878.jpg,buildings,0,,,,,,,,,,
1388.jpg,street,5,,,,,,,,,,
13883.jpg,street,5,,,,,,,,,,
13889.jpg,mountain,3,,,,,,,,,,
13891.jpg,sea,4,,,,,,,,,,
13894.jpg,glacier,2,,,,,,,,,,
13895.jpg,street,5,,,,,,,,,,
1390.jpg,mountain,3,,,,,,,,,,
13900.jpg,mountain,3,,,,,,,,,,
13908.jpg,street,5,,,,,,,,,,
13912.jpg,buildings,0,,,,,,,,,,
13913.jpg,buildings,0,,,,,,,,,,
13914.jpg,street,5,,,,,,,,,,
13917.jpg,street,5,,,,,,,,,,
13918.jpg,forest,1,,,,,,,,,,
13927.jpg,forest,1,,,,,,,,,,
13929.jpg,sea,4,,,,,,,,,,
1393.jpg,buildings,0,,,,,,,,,,
13931.jpg,mountain,3,,,,,,,,,,
13933.jpg,mountain,3,,,,,,,,,,
13936.jpg,forest,1,,,,,,,,,,
13939.jpg,glacier,2,,,,,,,,,,
13944.jpg,sea,4,,,,,,,,,,
13945.jpg,buildings,0,,,,,,,,,,
13949.jpg,street,5,,,,,,,,,,
13950.jpg,street,5,,,,,,,,,,
13963.jpg,mountain,3,,,,,,,,,,
13964.jpg,mountain,3,,,,,,,,,,
13968.jpg,buildings,0,,,,,,,,,,
13971.jpg,sea,4,,,,,,,,,,
13972.jpg,forest,1,,,,,,,,,,
13974.jpg,street,5,,,,,,,,,,
13975.jpg,glacier,2,,,,,,,,,,
13977.jpg,mountain,3,,,,,,,,,,
13979.jpg,sea,4,,,,,,,,,,
13984.jpg,buildings,0,,,,,,,,,,
13986.jpg,forest,1,,,,,,,,,,
13987.jpg,buildings,0,,,,,,,,,,
13989.jpg,street,5,,,,,,,,,,
13990.jpg,forest,1,,,,,,,,,,
14.jpg,street,5,,,,,,,,,,
140.jpg,buildings,0,,,,,,,,,,
14006.jpg,mountain,3,,,,,,,,,,
14011.jpg,street,5,,,,,,,,,,
14017.jpg,buildings,0,,,,,,,,,,
14018.jpg,buildings,0,,,,,,,,,,
14020.jpg,forest,1,,,,,,,,,,
14026.jpg,buildings,0,,,,,,,,,,
14028.jpg,buildings,0,,,,,,,,,,
14032.jpg,mountain,3,,,,,,,,,,
1404.jpg,mountain,3,,,,,,,,,,
14042.jpg,buildings,0,,,,,,,,,,
14044.jpg,sea,4,,,,,,,,,,
14046.jpg,sea,4,,,,,,,,,,
1405.jpg,forest,1,,,,,,,,,,
14050.jpg,mountain,3,,,,,,,,,,
14051.jpg,sea,4,,,,,,,,,,
14053.jpg,mountain,3,,,,,,,,,,
14055.jpg,street,5,,,,,,,,,,
14061.jpg,forest,1,,,,,,,,,,
14065.jpg,mountain,3,,,,,,,,,,
14066.jpg,forest,1,,,,,,,,,,
14068.jpg,sea,4,,,,,,,,,,
14069.jpg,buildings,0,,,,,,,,,,
14082.jpg,sea,4,,,,,,,,,,
14083.jpg,mountain,3,,,,,,,,,,
14084.jpg,street,5,,,,,,,,,,
14085.jpg,mountain,3,,,,,,,,,,
14086.jpg,mountain,3,,,,,,,,,,
14088.jpg,street,5,,,,,,,,,,
1409.jpg,forest,1,,,,,,,,,,
14090.jpg,sea,4,,,,,,,,,,
14093.jpg,street,5,,,,,,,,,,
14098.jpg,sea,4,,,,,,,,,,
141.jpg,street,5,,,,,,,,,,
14101.jpg,street,5,,,,,,,,,,
14102.jpg,buildings,0,,,,,,,,,,
14108.jpg,buildings,0,,,,,,,,,,
14112.jpg,mountain,3,,,,,,,,,,
14113.jpg,mountain,3,,,,,,,,,,
14119.jpg,sea,4,,,,,,,,,,
14120.jpg,forest,1,,,,,,,,,,
14121.jpg,sea,4,,,,,,,,,,
14128.jpg,mountain,3,,,,,,,,,,
14132.jpg,mountain,3,,,,,,,,,,
14137.jpg,mountain,3,,,,,,,,,,
14138.jpg,mountain,3,,,,,,,,,,
14139.jpg,buildings,0,,,,,,,,,,
1414.jpg,forest,1,,,,,,,,,,
14149.jpg,buildings,0,,,,,,,,,,
14150.jpg,forest,1,,,,,,,,,,
14151.jpg,street,5,,,,,,,,,,
14155.jpg,glacier,2,,,,,,,,,,
14157.jpg,mountain,3,,,,,,,,,,
14162.jpg,sea,4,,,,,,,,,,
14163.jpg,street,5,,,,,,,,,,
14166.jpg,street,5,,,,,,,,,,
14169.jpg,buildings,0,,,,,,,,,,
14172.jpg,sea,4,,,,,,,,,,
14176.jpg,forest,1,,,,,,,,,,
1418.jpg,buildings,0,,,,,,,,,,
14181.jpg,sea,4,,,,,,,,,,
14186.jpg,mountain,3,,,,,,,,,,
1419.jpg,mountain,3,,,,,,,,,,
14193.jpg,mountain,3,,,,,,,,,,
14195.jpg,forest,1,,,,,,,,,,
14197.jpg,street,5,,,,,,,,,,
14199.jpg,mountain,3,,,,,,,,,,
14200.jpg,forest,1,,,,,,,,,,
14201.jpg,buildings,0,,,,,,,,,,
14204.jpg,mountain,3,,,,,,,,,,
14206.jpg,street,5,,,,,,,,,,
14208.jpg,mountain,3,,,,,,,,,,
14210.jpg,buildings,0,,,,,,,,,,
14211.jpg,mountain,3,,,,,,,,,,
14215.jpg,forest,1,,,,,,,,,,
14222.jpg,buildings,0,,,,,,,,,,
14234.jpg,mountain,3,,,,,,,,,,
14235.jpg,sea,4,,,,,,,,,,
14236.jpg,street,5,,,,,,,,,,
14240.jpg,buildings,0,,,,,,,,,,
14241.jpg,forest,1,,,,,,,,,,
14248.jpg,sea,4,,,,,,,,,,
14251.jpg,buildings,0,,,,,,,,,,
14253.jpg,glacier,2,,,,,,,,,,
14254.jpg,mountain,3,,,,,,,,,,
14265.jpg,street,5,,,,,,,,,,
14267.jpg,mountain,3,,,,,,,,,,
1427.jpg,street,5,,,,,,,,,,
14271.jpg,forest,1,,,,,,,,,,
14272.jpg,mountain,3,,,,,,,,,,
14276.jpg,mountain,3,,,,,,,,,,
14277.jpg,street,5,,,,,,,,,,
1428.jpg,mountain,3,,,,,,,,,,
14292.jpg,mountain,3,,,,,,,,,,
14293.jpg,street,5,,,,,,,,,,
143.jpg,mountain,3,,,,,,,,,,
14302.jpg,forest,1,,,,,,,,,,
14303.jpg,glacier,2,,,,,,,,,,
14306.jpg,street,5,,,,,,,,,,
14308.jpg,sea,4,,,,,,,,,,
1431.jpg,forest,1,,,,,,,,,,
14310.jpg,mountain,3,,,,,,,,,,
14320.jpg,glacier,2,,,,,,,,,,
14326.jpg,street,5,,,,,,,,,,
14327.jpg,street,5,,,,,,,,,,
1433.jpg,mountain,3,,,,,,,,,,
14335.jpg,sea,4,,,,,,,,,,
14339.jpg,mountain,3,,,,,,,,,,
14345.jpg,sea,4,,,,,,,,,,
14346.jpg,buildings,0,,,,,,,,,,
14347.jpg,sea,4,,,,,,,,,,
14348.jpg,street,5,,,,,,,,,,
14350.jpg,forest,1,,,,,,,,,,
14351.jpg,forest,1,,,,,,,,,,
14352.jpg,forest,1,,,,,,,,,,
14356.jpg,buildings,0,,,,,,,,,,
14357.jpg,sea,4,,,,,,,,,,
14359.jpg,mountain,3,,,,,,,,,,
1436.jpg,forest,1,,,,,,,,,,
14361.jpg,buildings,0,,,,,,,,,,
14364.jpg,glacier,2,,,,,,,,,,
14367.jpg,mountain,3,,,,,,,,,,
14369.jpg,sea,4,,,,,,,,,,
14370.jpg,mountain,3,,,,,,,,,,
14374.jpg,sea,4,,,,,,,,,,
14376.jpg,sea,4,,,,,,,,,,
1438.jpg,forest,1,,,,,,,,,,
14380.jpg,forest,1,,,,,,,,,,
14381.jpg,street,5,,,,,,,,,,
14384.jpg,forest,1,,,,,,,,,,
14386.jpg,street,5,,,,,,,,,,
14387.jpg,street,5,,,,,,,,,,
14391.jpg,street,5,,,,,,,,,,
14395.jpg,glacier,2,,,,,,,,,,
144.jpg,buildings,0,,,,,,,,,,
1440.jpg,mountain,3,,,,,,,,,,
14401.jpg,sea,4,,,,,,,,,,
14402.jpg,mountain,3,,,,,,,,,,
14405.jpg,buildings,0,,,,,,,,,,
14406.jpg,forest,1,,,,,,,,,,
14413.jpg,buildings,0,,,,,,,,,,
14414.jpg,mountain,3,,,,,,,,,,
14415.jpg,forest,1,,,,,,,,,,
14417.jpg,mountain,3,,,,,,,,,,
14421.jpg,sea,4,,,,,,,,,,
14424.jpg,sea,4,,,,,,,,,,
14426.jpg,mountain,3,,,,,,,,,,
14427.jpg,forest,1,,,,,,,,,,
14428.jpg,street,5,,,,,,,,,,
14438.jpg,sea,4,,,,,,,,,,
1444.jpg,forest,1,,,,,,,,,,
14444.jpg,buildings,0,,,,,,,,,,
14445.jpg,forest,1,,,,,,,,,,
14450.jpg,mountain,3,,,,,,,,,,
14453.jpg,forest,1,,,,,,,,,,
14457.jpg,forest,1,,,,,,,,,,
14463.jpg,mountain,3,,,,,,,,,,
14473.jpg,sea,4,,,,,,,,,,
14476.jpg,forest,1,,,,,,,,,,
14478.jpg,mountain,3,,,,,,,,,,
1448.jpg,glacier,2,,,,,,,,,,
14481.jpg,buildings,0,,,,,,,,,,
14484.jpg,mountain,3,,,,,,,,,,
14485.jpg,mountain,3,,,,,,,,,,
14487.jpg,forest,1,,,,,,,,,,
1449.jpg,buildings,0,,,,,,,,,,
14490.jpg,buildings,0,,,,,,,,,,
14493.jpg,glacier,2,,,,,,,,,,
14496.jpg,sea,4,,,,,,,,,,
14498.jpg,mountain,3,,,,,,,,,,
145.jpg,street,5,,,,,,,,,,
14501.jpg,mountain,3,,,,,,,,,,
14506.jpg,forest,1,,,,,,,,,,
14508.jpg,mountain,3,,,,,,,,,,
1451.jpg,forest,1,,,,,,,,,,
14511.jpg,mountain,3,,,,,,,,,,
14513.jpg,buildings,0,,,,,,,,,,
1452.jpg,mountain,3,,,,,,,,,,
14520.jpg,glacier,2,,,,,,,,,,
14522.jpg,street,5,,,,,,,,,,
14524.jpg,mountain,3,,,,,,,,,,
14526.jpg,forest,1,,,,,,,,,,
14528.jpg,forest,1,,,,,,,,,,
14530.jpg,buildings,0,,,,,,,,,,
14531.jpg,buildings,0,,,,,,,,,,
14539.jpg,buildings,0,,,,,,,,,,
14542.jpg,sea,4,,,,,,,,,,
14549.jpg,buildings,0,,,,,,,,,,
14557.jpg,buildings,0,,,,,,,,,,
14558.jpg,street,5,,,,,,,,,,
1456.jpg,sea,4,,,,,,,,,,
14561.jpg,mountain,3,,,,,,,,,,
14562.jpg,sea,4,,,,,,,,,,
14566.jpg,mountain,3,,,,,,,,,,
14571.jpg,mountain,3,,,,,,,,,,
14574.jpg,glacier,2,,,,,,,,,,
14580.jpg,buildings,0,,,,,,,,,,
14581.jpg,mountain,3,,,,,,,,,,
14583.jpg,mountain,3,,,,,,,,,,
14587.jpg,forest,1,,,,,,,,,,
14589.jpg,buildings,0,,,,,,,,,,
1459.jpg,buildings,0,,,,,,,,,,
14594.jpg,forest,1,,,,,,,,,,
14596.jpg,sea,4,,,,,,,,,,
14601.jpg,mountain,3,,,,,,,,,,
14604.jpg,street,5,,,,,,,,,,
14606.jpg,buildings,0,,,,,,,,,,
14610.jpg,mountain,3,,,,,,,,,,
14611.jpg,sea,4,,,,,,,,,,
14613.jpg,sea,4,,,,,,,,,,
14614.jpg,sea,4,,,,,,,,,,
14616.jpg,buildings,0,,,,,,,,,,
14618.jpg,sea,4,,,,,,,,,,
14624.jpg,mountain,3,,,,,,,,,,
14625.jpg,buildings,0,,,,,,,,,,
1463.jpg,mountain,3,,,,,,,,,,
14631.jpg,mountain,3,,,,,,,,,,
14636.jpg,street,5,,,,,,,,,,
14645.jpg,buildings,0,,,,,,,,,,
14650.jpg,buildings,0,,,,,,,,,,
14653.jpg,mountain,3,,,,,,,,,,
14656.jpg,mountain,3,,,,,,,,,,
14657.jpg,mountain,3,,,,,,,,,,
14664.jpg,street,5,,,,,,,,,,
14666.jpg,buildings,0,,,,,,,,,,
1467.jpg,mountain,3,,,,,,,,,,
14672.jpg,sea,4,,,,,,,,,,
14678.jpg,buildings,0,,,,,,,,,,
14679.jpg,mountain,3,,,,,,,,,,
1468.jpg,mountain,3,,,,,,,,,,
14682.jpg,street,5,,,,,,,,,,
14684.jpg,buildings,0,,,,,,,,,,
14685.jpg,mountain,3,,,,,,,,,,
14688.jpg,mountain,3,,,,,,,,,,
14695.jpg,buildings,0,,,,,,,,,,
14696.jpg,buildings,0,,,,,,,,,,
14697.jpg,mountain,3,,,,,,,,,,
14699.jpg,buildings,0,,,,,,,,,,
1470.jpg,sea,4,,,,,,,,,,
14701.jpg,forest,1,,,,,,,,,,
14715.jpg,glacier,2,,,,,,,,,,
14718.jpg,sea,4,,,,,,,,,,
14722.jpg,street,5,,,,,,,,,,
14724.jpg,sea,4,,,,,,,,,,
14729.jpg,buildings,0,,,,,,,,,,
14730.jpg,buildings,0,,,,,,,,,,
14732.jpg,forest,1,,,,,,,,,,
14735.jpg,buildings,0,,,,,,,,,,
14737.jpg,forest,1,,,,,,,,,,
14739.jpg,mountain,3,,,,,,,,,,
1474.jpg,glacier,2,,,,,,,,,,
14742.jpg,street,5,,,,,,,,,,
14747.jpg,forest,1,,,,,,,,,,
14753.jpg,buildings,0,,,,,,,,,,
14755.jpg,street,5,,,,,,,,,,
14757.jpg,sea,4,,,,,,,,,,
14759.jpg,forest,1,,,,,,,,,,
14762.jpg,forest,1,,,,,,,,,,
14765.jpg,sea,4,,,,,,,,,,
14768.jpg,mountain,3,,,,,,,,,,
14771.jpg,buildings,0,,,,,,,,,,
14772.jpg,mountain,3,,,,,,,,,,
14774.jpg,sea,4,,,,,,,,,,
14775.jpg,mountain,3,,,,,,,,,,
14776.jpg,buildings,0,,,,,,,,,,
14779.jpg,mountain,3,,,,,,,,,,
1478.jpg,sea,4,,,,,,,,,,
14784.jpg,mountain,3,,,,,,,,,,
14787.jpg,glacier,2,,,,,,,,,,
1479.jpg,mountain,3,,,,,,,,,,
14790.jpg,buildings,0,,,,,,,,,,
14793.jpg,street,5,,,,,,,,,,
14796.jpg,forest,1,,,,,,,,,,
14800.jpg,glacier,2,,,,,,,,,,
14801.jpg,mountain,3,,,,,,,,,,
14806.jpg,glacier,2,,,,,,,,,,
14811.jpg,street,5,,,,,,,,,,
14813.jpg,street,5,,,,,,,,,,
14814.jpg,sea,4,,,,,,,,,,
14815.jpg,buildings,0,,,,,,,,,,
14819.jpg,buildings,0,,,,,,,,,,
14821.jpg,buildings,0,,,,,,,,,,
14822.jpg,sea,4,,,,,,,,,,
14828.jpg,forest,1,,,,,,,,,,
14829.jpg,sea,4,,,,,,,,,,
1483.jpg,mountain,3,,,,,,,,,,
14835.jpg,mountain,3,,,,,,,,,,
14841.jpg,forest,1,,,,,,,,,,
14842.jpg,buildings,0,,,,,,,,,,
14850.jpg,buildings,0,,,,,,,,,,
14855.jpg,glacier,2,,,,,,,,,,
14858.jpg,street,5,,,,,,,,,,
14859.jpg,mountain,3,,,,,,,,,,
14862.jpg,mountain,3,,,,,,,,,,
14877.jpg,buildings,0,,,,,,,,,,
14878.jpg,buildings,0,,,,,,,,,,
14886.jpg,mountain,3,,,,,,,,,,
14890.jpg,mountain,3,,,,,,,,,,
14891.jpg,mountain,3,,,,,,,,,,
14893.jpg,mountain,3,,,,,,,,,,
14895.jpg,mountain,3,,,,,,,,,,
14899.jpg,buildings,0,,,,,,,,,,
149.jpg,forest,1,,,,,,,,,,
14901.jpg,street,5,,,,,,,,,,
14906.jpg,mountain,3,,,,,,,,,,
14908.jpg,mountain,3,,,,,,,,,,
14913.jpg,mountain,3,,,,,,,,,,
14919.jpg,buildings,0,,,,,,,,,,
1492.jpg,glacier,2,,,,,,,,,,
14921.jpg,mountain,3,,,,,,,,,,
14922.jpg,street,5,,,,,,,,,,
14925.jpg,buildings,0,,,,,,,,,,
14926.jpg,buildings,0,,,,,,,,,,
14929.jpg,buildings,0,,,,,,,,,,
14930.jpg,buildings,0,,,,,,,,,,
14937.jpg,glacier,2,,,,,,,,,,
14939.jpg,sea,4,,,,,,,,,,
1494.jpg,mountain,3,,,,,,,,,,
14942.jpg,forest,1,,,,,,,,,,
14944.jpg,buildings,0,,,,,,,,,,
14945.jpg,glacier,2,,,,,,,,,,
14953.jpg,glacier,2,,,,,,,,,,
14954.jpg,street,5,,,,,,,,,,
14957.jpg,forest,1,,,,,,,,,,
14960.jpg,forest,1,,,,,,,,,,
14963.jpg,forest,1,,,,,,,,,,
14965.jpg,sea,4,,,,,,,,,,
14970.jpg,street,5,,,,,,,,,,
14971.jpg,street,5,,,,,,,,,,
14973.jpg,mountain,3,,,,,,,,,,
14975.jpg,forest,1,,,,,,,,,,
14976.jpg,forest,1,,,,,,,,,,
14977.jpg,forest,1,,,,,,,,,,
14981.jpg,mountain,3,,,,,,,,,,
14982.jpg,buildings,0,,,,,,,,,,
14983.jpg,buildings,0,,,,,,,,,,
14992.jpg,glacier,2,,,,,,,,,,
14996.jpg,mountain,3,,,,,,,,,,
14998.jpg,mountain,3,,,,,,,,,,
15002.jpg,street,5,,,,,,,,,,
15004.jpg,street,5,,,,,,,,,,
15006.jpg,mountain,3,,,,,,,,,,
15007.jpg,mountain,3,,,,,,,,,,
15010.jpg,street,5,,,,,,,,,,
15012.jpg,mountain,3,,,,,,,,,,
15013.jpg,mountain,3,,,,,,,,,,
15014.jpg,forest,1,,,,,,,,,,
15018.jpg,street,5,,,,,,,,,,
15021.jpg,forest,1,,,,,,,,,,
15022.jpg,mountain,3,,,,,,,,,,
15023.jpg,street,5,,,,,,,,,,
15027.jpg,mountain,3,,,,,,,,,,
15031.jpg,buildings,0,,,,,,,,,,
1504.jpg,forest,1,,,,,,,,,,
15040.jpg,mountain,3,,,,,,,,,,
15041.jpg,sea,4,,,,,,,,,,
15046.jpg,street,5,,,,,,,,,,
15049.jpg,street,5,,,,,,,,,,
15053.jpg,sea,4,,,,,,,,,,
15057.jpg,forest,1,,,,,,,,,,
15063.jpg,sea,4,,,,,,,,,,
15066.jpg,glacier,2,,,,,,,,,,
15068.jpg,forest,1,,,,,,,,,,
15075.jpg,street,5,,,,,,,,,,
15077.jpg,forest,1,,,,,,,,,,
15079.jpg,mountain,3,,,,,,,,,,
15080.jpg,mountain,3,,,,,,,,,,
15081.jpg,mountain,3,,,,,,,,,,
15083.jpg,street,5,,,,,,,,,,
15089.jpg,forest,1,,,,,,,,,,
1509.jpg,sea,4,,,,,,,,,,
15095.jpg,mountain,3,,,,,,,,,,
15099.jpg,glacier,2,,,,,,,,,,
15101.jpg,mountain,3,,,,,,,,,,
15105.jpg,street,5,,,,,,,,,,
1511.jpg,buildings,0,,,,,,,,,,
15111.jpg,sea,4,,,,,,,,,,
15112.jpg,mountain,3,,,,,,,,,,
15113.jpg,sea,4,,,,,,,,,,
15114.jpg,forest,1,,,,,,,,,,
15116.jpg,buildings,0,,,,,,,,,,
15119.jpg,mountain,3,,,,,,,,,,
15123.jpg,mountain,3,,,,,,,,,,
15128.jpg,street,5,,,,,,,,,,
15129.jpg,buildings,0,,,,,,,,,,
15130.jpg,forest,1,,,,,,,,,,
15131.jpg,sea,4,,,,,,,,,,
15134.jpg,forest,1,,,,,,,,,,
15136.jpg,forest,1,,,,,,,,,,
15137.jpg,street,5,,,,,,,,,,
15139.jpg,glacier,2,,,,,,,,,,
15148.jpg,buildings,0,,,,,,,,,,
15149.jpg,forest,1,,,,,,,,,,
1515.jpg,street,5,,,,,,,,,,
15151.jpg,mountain,3,,,,,,,,,,
15157.jpg,mountain,3,,,,,,,,,,
15158.jpg,street,5,,,,,,,,,,
15161.jpg,glacier,2,,,,,,,,,,
15162.jpg,glacier,2,,,,,,,,,,
15170.jpg,buildings,0,,,,,,,,,,
15172.jpg,sea,4,,,,,,,,,,
15173.jpg,mountain,3,,,,,,,,,,
15177.jpg,street,5,,,,,,,,,,
15178.jpg,street,5,,,,,,,,,,
15179.jpg,buildings,0,,,,,,,,,,
15186.jpg,sea,4,,,,,,,,,,
15187.jpg,mountain,3,,,,,,,,,,
15193.jpg,mountain,3,,,,,,,,,,
15197.jpg,street,5,,,,,,,,,,
152.jpg,forest,1,,,,,,,,,,
15200.jpg,glacier,2,,,,,,,,,,
15201.jpg,street,5,,,,,,,,,,
15208.jpg,buildings,0,,,,,,,,,,
1521.jpg,buildings,0,,,,,,,,,,
15219.jpg,buildings,0,,,,,,,,,,
1522.jpg,mountain,3,,,,,,,,,,
15220.jpg,buildings,0,,,,,,,,,,
15224.jpg,mountain,3,,,,,,,,,,
15229.jpg,mountain,3,,,,,,,,,,
15230.jpg,forest,1,,,,,,,,,,
15237.jpg,street,5,,,,,,,,,,
1524.jpg,forest,1,,,,,,,,,,
15240.jpg,forest,1,,,,,,,,,,
15241.jpg,sea,4,,,,,,,,,,
15244.jpg,buildings,0,,,,,,,,,,
1525.jpg,sea,4,,,,,,,,,,
15252.jpg,forest,1,,,,,,,,,,
15253.jpg,street,5,,,,,,,,,,
15262.jpg,buildings,0,,,,,,,,,,
15266.jpg,sea,4,,,,,,,,,,
15272.jpg,buildings,0,,,,,,,,,,
15274.jpg,forest,1,,,,,,,,,,
15276.jpg,buildings,0,,,,,,,,,,
15278.jpg,buildings,0,,,,,,,,,,
15282.jpg,mountain,3,,,,,,,,,,
15283.jpg,street,5,,,,,,,,,,
15286.jpg,buildings,0,,,,,,,,,,
15297.jpg,mountain,3,,,,,,,,,,
15302.jpg,mountain,3,,,,,,,,,,
15303.jpg,buildings,0,,,,,,,,,,
15305.jpg,buildings,0,,,,,,,,,,
15309.jpg,buildings,0,,,,,,,,,,
15312.jpg,buildings,0,,,,,,,,,,
15314.jpg,sea,4,,,,,,,,,,
15315.jpg,forest,1,,,,,,,,,,
15318.jpg,forest,1,,,,,,,,,,
15325.jpg,forest,1,,,,,,,,,,
15333.jpg,mountain,3,,,,,,,,,,
15336.jpg,street,5,,,,,,,,,,
15337.jpg,mountain,3,,,,,,,,,,
1534.jpg,mountain,3,,,,,,,,,,
15340.jpg,street,5,,,,,,,,,,
15342.jpg,mountain,3,,,,,,,,,,
15349.jpg,mountain,3,,,,,,,,,,
1535.jpg,mountain,3,,,,,,,,,,
15350.jpg,mountain,3,,,,,,,,,,
15351.jpg,sea,4,,,,,,,,,,
15353.jpg,mountain,3,,,,,,,,,,
15357.jpg,mountain,3,,,,,,,,,,
1536.jpg,mountain,3,,,,,,,,,,
15360.jpg,street,5,,,,,,,,,,
15365.jpg,mountain,3,,,,,,,,,,
15366.jpg,buildings,0,,,,,,,,,,
15368.jpg,street,5,,,,,,,,,,
15375.jpg,forest,1,,,,,,,,,,
15378.jpg,buildings,0,,,,,,,,,,
15381.jpg,sea,4,,,,,,,,,,
15387.jpg,forest,1,,,,,,,,,,
15388.jpg,mountain,3,,,,,,,,,,
15391.jpg,buildings,0,,,,,,,,,,
15392.jpg,buildings,0,,,,,,,,,,
15394.jpg,forest,1,,,,,,,,,,
15396.jpg,forest,1,,,,,,,,,,
15399.jpg,glacier,2,,,,,,,,,,
15403.jpg,mountain,3,,,,,,,,,,
15406.jpg,mountain,3,,,,,,,,,,
15415.jpg,forest,1,,,,,,,,,,
15417.jpg,street,5,,,,,,,,,,
15420.jpg,forest,1,,,,,,,,,,
15427.jpg,mountain,3,,,,,,,,,,
15431.jpg,mountain,3,,,,,,,,,,
15437.jpg,street,5,,,,,,,,,,
15438.jpg,forest,1,,,,,,,,,,
1544.jpg,sea,4,,,,,,,,,,
15441.jpg,street,5,,,,,,,,,,
15442.jpg,street,5,,,,,,,,,,
1545.jpg,mountain,3,,,,,,,,,,
15450.jpg,street,5,,,,,,,,,,
15452.jpg,glacier,2,,,,,,,,,,
15455.jpg,buildings,0,,,,,,,,,,
15458.jpg,forest,1,,,,,,,,,,
15461.jpg,mountain,3,,,,,,,,,,
1547.jpg,mountain,3,,,,,,,,,,
15485.jpg,mountain,3,,,,,,,,,,
15489.jpg,glacier,2,,,,,,,,,,
15490.jpg,forest,1,,,,,,,,,,
15492.jpg,buildings,0,,,,,,,,,,
15500.jpg,sea,4,,,,,,,,,,
15506.jpg,mountain,3,,,,,,,,,,
15508.jpg,forest,1,,,,,,,,,,
1551.jpg,forest,1,,,,,,,,,,
15513.jpg,street,5,,,,,,,,,,
15519.jpg,mountain,3,,,,,,,,,,
15520.jpg,sea,4,,,,,,,,,,
15524.jpg,buildings,0,,,,,,,,,,
15525.jpg,sea,4,,,,,,,,,,
15527.jpg,street,5,,,,,,,,,,
15537.jpg,mountain,3,,,,,,,,,,
15543.jpg,street,5,,,,,,,,,,
15548.jpg,forest,1,,,,,,,,,,
15552.jpg,sea,4,,,,,,,,,,
15555.jpg,street,5,,,,,,,,,,
15563.jpg,street,5,,,,,,,,,,
15566.jpg,buildings,0,,,,,,,,,,
1557.jpg,buildings,0,,,,,,,,,,
15576.jpg,buildings,0,,,,,,,,,,
15578.jpg,glacier,2,,,,,,,,,,
15583.jpg,forest,1,,,,,,,,,,
15591.jpg,sea,4,,,,,,,,,,
156.jpg,buildings,0,,,,,,,,,,
15602.jpg,forest,1,,,,,,,,,,
15603.jpg,mountain,3,,,,,,,,,,
1561.jpg,street,5,,,,,,,,,,
15610.jpg,glacier,2,,,,,,,,,,
15612.jpg,buildings,0,,,,,,,,,,
15619.jpg,sea,4,,,,,,,,,,
15621.jpg,sea,4,,,,,,,,,,
15623.jpg,sea,4,,,,,,,,,,
15629.jpg,forest,1,,,,,,,,,,
15630.jpg,forest,1,,,,,,,,,,
15631.jpg,street,5,,,,,,,,,,
15632.jpg,sea,4,,,,,,,,,,
15634.jpg,mountain,3,,,,,,,,,,
15638.jpg,sea,4,,,,,,,,,,
15642.jpg,sea,4,,,,,,,,,,
15643.jpg,forest,1,,,,,,,,,,
15645.jpg,buildings,0,,,,,,,,,,
15646.jpg,buildings,0,,,,,,,,,,
15647.jpg,glacier,2,,,,,,,,,,
15648.jpg,street,5,,,,,,,,,,
15649.jpg,mountain,3,,,,,,,,,,
15652.jpg,mountain,3,,,,,,,,,,
15658.jpg,buildings,0,,,,,,,,,,
15662.jpg,sea,4,,,,,,,,,,
15663.jpg,buildings,0,,,,,,,,,,
15669.jpg,street,5,,,,,,,,,,
15670.jpg,forest,1,,,,,,,,,,
15676.jpg,buildings,0,,,,,,,,,,
15678.jpg,forest,1,,,,,,,,,,
15679.jpg,sea,4,,,,,,,,,,
1568.jpg,sea,4,,,,,,,,,,
15685.jpg,mountain,3,,,,,,,,,,
15686.jpg,sea,4,,,,,,,,,,
15688.jpg,sea,4,,,,,,,,,,
15698.jpg,buildings,0,,,,,,,,,,
15700.jpg,buildings,0,,,,,,,,,,
15706.jpg,buildings,0,,,,,,,,,,
15707.jpg,street,5,,,,,,,,,,
15710.jpg,buildings,0,,,,,,,,,,
15712.jpg,buildings,0,,,,,,,,,,
15713.jpg,mountain,3,,,,,,,,,,
15717.jpg,buildings,0,,,,,,,,,,
15720.jpg,mountain,3,,,,,,,,,,
15722.jpg,buildings,0,,,,,,,,,,
15723.jpg,street,5,,,,,,,,,,
15726.jpg,street,5,,,,,,,,,,
15727.jpg,mountain,3,,,,,,,,,,
15728.jpg,forest,1,,,,,,,,,,
15731.jpg,sea,4,,,,,,,,,,
15733.jpg,forest,1,,,,,,,,,,
15735.jpg,buildings,0,,,,,,,,,,
15737.jpg,mountain,3,,,,,,,,,,
15738.jpg,buildings,0,,,,,,,,,,
15744.jpg,forest,1,,,,,,,,,,
15745.jpg,sea,4,,,,,,,,,,
15746.jpg,mountain,3,,,,,,,,,,
15747.jpg,sea,4,,,,,,,,,,
15750.jpg,glacier,2,,,,,,,,,,
15758.jpg,sea,4,,,,,,,,,,
15762.jpg,glacier,2,,,,,,,,,,
15764.jpg,forest,1,,,,,,,,,,
15765.jpg,mountain,3,,,,,,,,,,
15766.jpg,sea,4,,,,,,,,,,
1577.jpg,street,5,,,,,,,,,,
15772.jpg,buildings,0,,,,,,,,,,
15779.jpg,mountain,3,,,,,,,,,,
1578.jpg,mountain,3,,,,,,,,,,
15781.jpg,street,5,,,,,,,,,,
15786.jpg,street,5,,,,,,,,,,
15788.jpg,mountain,3,,,,,,,,,,
1579.jpg,mountain,3,,,,,,,,,,
15801.jpg,street,5,,,,,,,,,,
15805.jpg,forest,1,,,,,,,,,,
1581.jpg,mountain,3,,,,,,,,,,
15825.jpg,mountain,3,,,,,,,,,,
15829.jpg,mountain,3,,,,,,,,,,
1583.jpg,glacier,2,,,,,,,,,,
15830.jpg,buildings,0,,,,,,,,,,
15832.jpg,mountain,3,,,,,,,,,,
15834.jpg,mountain,3,,,,,,,,,,
15836.jpg,forest,1,,,,,,,,,,
15838.jpg,street,5,,,,,,,,,,
15840.jpg,street,5,,,,,,,,,,
15846.jpg,sea,4,,,,,,,,,,
15847.jpg,buildings,0,,,,,,,,,,
15848.jpg,mountain,3,,,,,,,,,,
15849.jpg,buildings,0,,,,,,,,,,
1585.jpg,sea,4,,,,,,,,,,
15850.jpg,street,5,,,,,,,,,,
15859.jpg,mountain,3,,,,,,,,,,
15863.jpg,forest,1,,,,,,,,,,
15866.jpg,sea,4,,,,,,,,,,
15868.jpg,buildings,0,,,,,,,,,,
15870.jpg,street,5,,,,,,,,,,
15878.jpg,street,5,,,,,,,,,,
15879.jpg,mountain,3,,,,,,,,,,
15881.jpg,sea,4,,,,,,,,,,
15887.jpg,forest,1,,,,,,,,,,
15888.jpg,street,5,,,,,,,,,,
15890.jpg,mountain,3,,,,,,,,,,
15891.jpg,mountain,3,,,,,,,,,,
15895.jpg,forest,1,,,,,,,,,,
15896.jpg,buildings,0,,,,,,,,,,
15900.jpg,forest,1,,,,,,,,,,
15902.jpg,mountain,3,,,,,,,,,,
15904.jpg,sea,4,,,,,,,,,,
15909.jpg,forest,1,,,,,,,,,,
15910.jpg,street,5,,,,,,,,,,
15912.jpg,mountain,3,,,,,,,,,,
15914.jpg,buildings,0,,,,,,,,,,
15916.jpg,buildings,0,,,,,,,,,,
15917.jpg,mountain,3,,,,,,,,,,
15918.jpg,sea,4,,,,,,,,,,
15922.jpg,glacier,2,,,,,,,,,,
15924.jpg,sea,4,,,,,,,,,,
15927.jpg,glacier,2,,,,,,,,,,
15928.jpg,mountain,3,,,,,,,,,,
15929.jpg,buildings,0,,,,,,,,,,
15933.jpg,mountain,3,,,,,,,,,,
15934.jpg,glacier,2,,,,,,,,,,
15935.jpg,forest,1,,,,,,,,,,
15941.jpg,mountain,3,,,,,,,,,,
15946.jpg,mountain,3,,,,,,,,,,
15947.jpg,glacier,2,,,,,,,,,,
15951.jpg,street,5,,,,,,,,,,
15954.jpg,mountain,3,,,,,,,,,,
15958.jpg,buildings,0,,,,,,,,,,
1596.jpg,mountain,3,,,,,,,,,,
15963.jpg,sea,4,,,,,,,,,,
15964.jpg,sea,4,,,,,,,,,,
15967.jpg,forest,1,,,,,,,,,,
15969.jpg,sea,4,,,,,,,,,,
15974.jpg,sea,4,,,,,,,,,,
15975.jpg,forest,1,,,,,,,,,,
15979.jpg,sea,4,,,,,,,,,,
1598.jpg,street,5,,,,,,,,,,
15980.jpg,forest,1,,,,,,,,,,
15981.jpg,sea,4,,,,,,,,,,
15983.jpg,sea,4,,,,,,,,,,
15984.jpg,buildings,0,,,,,,,,,,
15993.jpg,mountain,3,,,,,,,,,,
15994.jpg,buildings,0,,,,,,,,,,
16000.jpg,forest,1,,,,,,,,,,
16014.jpg,forest,1,,,,,,,,,,
16015.jpg,buildings,0,,,,,,,,,,
16023.jpg,sea,4,,,,,,,,,,
16028.jpg,street,5,,,,,,,,,,
16029.jpg,mountain,3,,,,,,,,,,
16033.jpg,mountain,3,,,,,,,,,,
16035.jpg,buildings,0,,,,,,,,,,
16039.jpg,glacier,2,,,,,,,,,,
16040.jpg,forest,1,,,,,,,,,,
16042.jpg,street,5,,,,,,,,,,
16045.jpg,mountain,3,,,,,,,,,,
16051.jpg,mountain,3,,,,,,,,,,
16056.jpg,mountain,3,,,,,,,,,,
16058.jpg,forest,1,,,,,,,,,,
16063.jpg,sea,4,,,,,,,,,,
16068.jpg,mountain,3,,,,,,,,,,
16071.jpg,forest,1,,,,,,,,,,
16075.jpg,street,5,,,,,,,,,,
16084.jpg,buildings,0,,,,,,,,,,
16089.jpg,mountain,3,,,,,,,,,,
16093.jpg,sea,4,,,,,,,,,,
16094.jpg,glacier,2,,,,,,,,,,
16096.jpg,forest,1,,,,,,,,,,
16098.jpg,buildings,0,,,,,,,,,,
16099.jpg,mountain,3,,,,,,,,,,
161.jpg,sea,4,,,,,,,,,,
16102.jpg,forest,1,,,,,,,,,,
16106.jpg,mountain,3,,,,,,,,,,
16107.jpg,mountain,3,,,,,,,,,,
16110.jpg,glacier,2,,,,,,,,,,
16117.jpg,street,5,,,,,,,,,,
16119.jpg,forest,1,,,,,,,,,,
16120.jpg,sea,4,,,,,,,,,,
16121.jpg,buildings,0,,,,,,,,,,
16125.jpg,street,5,,,,,,,,,,
16127.jpg,buildings,0,,,,,,,,,,
16129.jpg,sea,4,,,,,,,,,,
16135.jpg,buildings,0,,,,,,,,,,
1614.jpg,mountain,3,,,,,,,,,,
16140.jpg,forest,1,,,,,,,,,,
16145.jpg,mountain,3,,,,,,,,,,
16146.jpg,street,5,,,,,,,,,,
16148.jpg,glacier,2,,,,,,,,,,
16151.jpg,glacier,2,,,,,,,,,,
16158.jpg,mountain,3,,,,,,,,,,
16161.jpg,buildings,0,,,,,,,,,,
16167.jpg,street,5,,,,,,,,,,
16169.jpg,buildings,0,,,,,,,,,,
1617.jpg,street,5,,,,,,,,,,
16177.jpg,buildings,0,,,,,,,,,,
16178.jpg,sea,4,,,,,,,,,,
16181.jpg,forest,1,,,,,,,,,,
16186.jpg,mountain,3,,,,,,,,,,
16193.jpg,mountain,3,,,,,,,,,,
16196.jpg,glacier,2,,,,,,,,,,
16197.jpg,buildings,0,,,,,,,,,,
1620.jpg,forest,1,,,,,,,,,,
16202.jpg,mountain,3,,,,,,,,,,
16204.jpg,buildings,0,,,,,,,,,,
16210.jpg,street,5,,,,,,,,,,
16213.jpg,forest,1,,,,,,,,,,
16216.jpg,mountain,3,,,,,,,,,,
16217.jpg,forest,1,,,,,,,,,,
16220.jpg,mountain,3,,,,,,,,,,
16224.jpg,forest,1,,,,,,,,,,
16228.jpg,mountain,3,,,,,,,,,,
16229.jpg,sea,4,,,,,,,,,,
16230.jpg,glacier,2,,,,,,,,,,
16232.jpg,mountain,3,,,,,,,,,,
16233.jpg,mountain,3,,,,,,,,,,
16235.jpg,mountain,3,,,,,,,,,,
1624.jpg,sea,4,,,,,,,,,,
16242.jpg,sea,4,,,,,,,,,,
16256.jpg,street,5,,,,,,,,,,
16263.jpg,sea,4,,,,,,,,,,
16264.jpg,buildings,0,,,,,,,,,,
16265.jpg,street,5,,,,,,,,,,
16266.jpg,mountain,3,,,,,,,,,,
1627.jpg,buildings,0,,,,,,,,,,
16270.jpg,street,5,,,,,,,,,,
16271.jpg,street,5,,,,,,,,,,
16273.jpg,mountain,3,,,,,,,,,,
16275.jpg,street,5,,,,,,,,,,
16277.jpg,buildings,0,,,,,,,,,,
16291.jpg,mountain,3,,,,,,,,,,
16298.jpg,buildings,0,,,,,,,,,,
16299.jpg,sea,4,,,,,,,,,,
16300.jpg,buildings,0,,,,,,,,,,
16304.jpg,glacier,2,,,,,,,,,,
16305.jpg,mountain,3,,,,,,,,,,
1631.jpg,buildings,0,,,,,,,,,,
16313.jpg,forest,1,,,,,,,,,,
16317.jpg,sea,4,,,,,,,,,,
16318.jpg,mountain,3,,,,,,,,,,
16319.jpg,sea,4,,,,,,,,,,
16323.jpg,street,5,,,,,,,,,,
16327.jpg,street,5,,,,,,,,,,
16328.jpg,forest,1,,,,,,,,,,
16329.jpg,mountain,3,,,,,,,,,,
16332.jpg,mountain,3,,,,,,,,,,
16337.jpg,forest,1,,,,,,,,,,
1634.jpg,sea,4,,,,,,,,,,
16343.jpg,forest,1,,,,,,,,,,
16344.jpg,sea,4,,,,,,,,,,
16347.jpg,sea,4,,,,,,,,,,
16351.jpg,forest,1,,,,,,,,,,
16353.jpg,forest,1,,,,,,,,,,
16357.jpg,mountain,3,,,,,,,,,,
16360.jpg,sea,4,,,,,,,,,,
16361.jpg,mountain,3,,,,,,,,,,
16373.jpg,street,5,,,,,,,,,,
16378.jpg,mountain,3,,,,,,,,,,
16379.jpg,street,5,,,,,,,,,,
1638.jpg,street,5,,,,,,,,,,
16380.jpg,buildings,0,,,,,,,,,,
16384.jpg,sea,4,,,,,,,,,,
16393.jpg,street,5,,,,,,,,,,
16396.jpg,street,5,,,,,,,,,,
16397.jpg,mountain,3,,,,,,,,,,
16401.jpg,mountain,3,,,,,,,,,,
16403.jpg,buildings,0,,,,,,,,,,
16405.jpg,mountain,3,,,,,,,,,,
16406.jpg,glacier,2,,,,,,,,,,
16408.jpg,mountain,3,,,,,,,,,,
16410.jpg,mountain,3,,,,,,,,,,
16411.jpg,forest,1,,,,,,,,,,
16412.jpg,sea,4,,,,,,,,,,
16415.jpg,sea,4,,,,,,,,,,
16424.jpg,forest,1,,,,,,,,,,
16428.jpg,glacier,2,,,,,,,,,,
16429.jpg,street,5,,,,,,,,,,
16436.jpg,buildings,0,,,,,,,,,,
1644.jpg,forest,1,,,,,,,,,,
16442.jpg,sea,4,,,,,,,,,,
16444.jpg,street,5,,,,,,,,,,
16445.jpg,mountain,3,,,,,,,,,,
16446.jpg,sea,4,,,,,,,,,,
16447.jpg,mountain,3,,,,,,,,,,
16449.jpg,street,5,,,,,,,,,,
16454.jpg,buildings,0,,,,,,,,,,
16461.jpg,forest,1,,,,,,,,,,
16462.jpg,sea,4,,,,,,,,,,
16464.jpg,mountain,3,,,,,,,,,,
16465.jpg,buildings,0,,,,,,,,,,
16471.jpg,forest,1,,,,,,,,,,
16475.jpg,buildings,0,,,,,,,,,,
16477.jpg,street,5,,,,,,,,,,
16480.jpg,glacier,2,,,,,,,,,,
16484.jpg,street,5,,,,,,,,,,
16486.jpg,forest,1,,,,,,,,,,
16487.jpg,mountain,3,,,,,,,,,,
1649.jpg,mountain,3,,,,,,,,,,
16497.jpg,forest,1,,,,,,,,,,
16499.jpg,street,5,,,,,,,,,,
16501.jpg,glacier,2,,,,,,,,,,
16508.jpg,mountain,3,,,,,,,,,,
16514.jpg,buildings,0,,,,,,,,,,
16519.jpg,sea,4,,,,,,,,,,
1652.jpg,glacier,2,,,,,,,,,,
16524.jpg,mountain,3,,,,,,,,,,
16526.jpg,sea,4,,,,,,,,,,
1653.jpg,mountain,3,,,,,,,,,,
16530.jpg,mountain,3,,,,,,,,,,
16532.jpg,mountain,3,,,,,,,,,,
16535.jpg,glacier,2,,,,,,,,,,
16536.jpg,mountain,3,,,,,,,,,,
16539.jpg,street,5,,,,,,,,,,
16541.jpg,buildings,0,,,,,,,,,,
16542.jpg,mountain,3,,,,,,,,,,
16546.jpg,buildings,0,,,,,,,,,,
16548.jpg,mountain,3,,,,,,,,,,
1655.jpg,street,5,,,,,,,,,,
16551.jpg,sea,4,,,,,,,,,,
16552.jpg,buildings,0,,,,,,,,,,
16553.jpg,sea,4,,,,,,,,,,
16554.jpg,buildings,0,,,,,,,,,,
16558.jpg,mountain,3,,,,,,,,,,
16576.jpg,mountain,3,,,,,,,,,,
16587.jpg,street,5,,,,,,,,,,
16591.jpg,mountain,3,,,,,,,,,,
16597.jpg,buildings,0,,,,,,,,,,
16601.jpg,mountain,3,,,,,,,,,,
16603.jpg,mountain,3,,,,,,,,,,
16605.jpg,mountain,3,,,,,,,,,,
16606.jpg,street,5,,,,,,,,,,
16608.jpg,glacier,2,,,,,,,,,,
16617.jpg,mountain,3,,,,,,,,,,
16619.jpg,sea,4,,,,,,,,,,
16622.jpg,street,5,,,,,,,,,,
16626.jpg,buildings,0,,,,,,,,,,
16628.jpg,forest,1,,,,,,,,,,
16630.jpg,mountain,3,,,,,,,,,,
16632.jpg,mountain,3,,,,,,,,,,
16634.jpg,buildings,0,,,,,,,,,,
16635.jpg,street,5,,,,,,,,,,
16637.jpg,mountain,3,,,,,,,,,,
16639.jpg,street,5,,,,,,,,,,
1664.jpg,street,5,,,,,,,,,,
16649.jpg,sea,4,,,,,,,,,,
16650.jpg,sea,4,,,,,,,,,,
16653.jpg,sea,4,,,,,,,,,,
16656.jpg,street,5,,,,,,,,,,
16660.jpg,glacier,2,,,,,,,,,,
16662.jpg,mountain,3,,,,,,,,,,
16663.jpg,sea,4,,,,,,,,,,
16666.jpg,buildings,0,,,,,,,,,,
16676.jpg,sea,4,,,,,,,,,,
16678.jpg,street,5,,,,,,,,,,
16680.jpg,street,5,,,,,,,,,,
16684.jpg,mountain,3,,,,,,,,,,
16685.jpg,mountain,3,,,,,,,,,,
16686.jpg,mountain,3,,,,,,,,,,
16687.jpg,sea,4,,,,,,,,,,
16688.jpg,mountain,3,,,,,,,,,,
16689.jpg,sea,4,,,,,,,,,,
16690.jpg,mountain,3,,,,,,,,,,
16698.jpg,mountain,3,,,,,,,,,,
16699.jpg,mountain,3,,,,,,,,,,
16702.jpg,buildings,0,,,,,,,,,,
16704.jpg,forest,1,,,,,,,,,,
16706.jpg,sea,4,,,,,,,,,,
1671.jpg,forest,1,,,,,,,,,,
16713.jpg,buildings,0,,,,,,,,,,
16714.jpg,street,5,,,,,,,,,,
16718.jpg,sea,4,,,,,,,,,,
16722.jpg,mountain,3,,,,,,,,,,
16724.jpg,glacier,2,,,,,,,,,,
16725.jpg,sea,4,,,,,,,,,,
16729.jpg,forest,1,,,,,,,,,,
16737.jpg,street,5,,,,,,,,,,
16738.jpg,sea,4,,,,,,,,,,
16742.jpg,mountain,3,,,,,,,,,,
16743.jpg,mountain,3,,,,,,,,,,
16747.jpg,mountain,3,,,,,,,,,,
16749.jpg,mountain,3,,,,,,,,,,
16751.jpg,mountain,3,,,,,,,,,,
16754.jpg,glacier,2,,,,,,,,,,
16758.jpg,street,5,,,,,,,,,,
16759.jpg,sea,4,,,,,,,,,,
16760.jpg,forest,1,,,,,,,,,,
16766.jpg,mountain,3,,,,,,,,,,
16767.jpg,buildings,0,,,,,,,,,,
16772.jpg,sea,4,,,,,,,,,,
16777.jpg,forest,1,,,,,,,,,,
16779.jpg,mountain,3,,,,,,,,,,
1678.jpg,mountain,3,,,,,,,,,,
16780.jpg,forest,1,,,,,,,,,,
16781.jpg,mountain,3,,,,,,,,,,
16782.jpg,forest,1,,,,,,,,,,
16784.jpg,mountain,3,,,,,,,,,,
16787.jpg,mountain,3,,,,,,,,,,
16789.jpg,mountain,3,,,,,,,,,,
16790.jpg,glacier,2,,,,,,,,,,
16791.jpg,sea,4,,,,,,,,,,
16794.jpg,buildings,0,,,,,,,,,,
16796.jpg,forest,1,,,,,,,,,,
1680.jpg,mountain,3,,,,,,,,,,
16803.jpg,forest,1,,,,,,,,,,
1681.jpg,sea,4,,,,,,,,,,
16814.jpg,street,5,,,,,,,,,,
16815.jpg,mountain,3,,,,,,,,,,
16816.jpg,street,5,,,,,,,,,,
16818.jpg,mountain,3,,,,,,,,,,
16819.jpg,mountain,3,,,,,,,,,,
16820.jpg,buildings,0,,,,,,,,,,
16822.jpg,mountain,3,,,,,,,,,,
16825.jpg,forest,1,,,,,,,,,,
16836.jpg,buildings,0,,,,,,,,,,
16838.jpg,mountain,3,,,,,,,,,,
16839.jpg,mountain,3,,,,,,,,,,
16840.jpg,street,5,,,,,,,,,,
16841.jpg,mountain,3,,,,,,,,,,
16844.jpg,glacier,2,,,,,,,,,,
16846.jpg,glacier,2,,,,,,,,,,
16849.jpg,street,5,,,,,,,,,,
16850.jpg,mountain,3,,,,,,,,,,
16851.jpg,forest,1,,,,,,,,,,
16854.jpg,glacier,2,,,,,,,,,,
16858.jpg,mountain,3,,,,,,,,,,
16859.jpg,forest,1,,,,,,,,,,
16860.jpg,buildings,0,,,,,,,,,,
16864.jpg,mountain,3,,,,,,,,,,
16866.jpg,sea,4,,,,,,,,,,
16877.jpg,buildings,0,,,,,,,,,,
16878.jpg,buildings,0,,,,,,,,,,
1688.jpg,sea,4,,,,,,,,,,
16881.jpg,street,5,,,,,,,,,,
16883.jpg,forest,1,,,,,,,,,,
16886.jpg,buildings,0,,,,,,,,,,
16890.jpg,sea,4,,,,,,,,,,
16892.jpg,forest,1,,,,,,,,,,
16893.jpg,mountain,3,,,,,,,,,,
16894.jpg,mountain,3,,,,,,,,,,
169.jpg,street,5,,,,,,,,,,
16900.jpg,mountain,3,,,,,,,,,,
16907.jpg,buildings,0,,,,,,,,,,
16908.jpg,sea,4,,,,,,,,,,
16909.jpg,forest,1,,,,,,,,,,
16915.jpg,forest,1,,,,,,,,,,
16918.jpg,buildings,0,,,,,,,,,,
16921.jpg,street,5,,,,,,,,,,
16922.jpg,forest,1,,,,,,,,,,
16924.jpg,buildings,0,,,,,,,,,,
16934.jpg,glacier,2,,,,,,,,,,
16937.jpg,sea,4,,,,,,,,,,
1694.jpg,mountain,3,,,,,,,,,,
16940.jpg,mountain,3,,,,,,,,,,
16941.jpg,glacier,2,,,,,,,,,,
16945.jpg,sea,4,,,,,,,,,,
16947.jpg,buildings,0,,,,,,,,,,
16950.jpg,street,5,,,,,,,,,,
16955.jpg,sea,4,,,,,,,,,,
16957.jpg,glacier,2,,,,,,,,,,
16958.jpg,forest,1,,,,,,,,,,
16961.jpg,forest,1,,,,,,,,,,
16964.jpg,mountain,3,,,,,,,,,,
16967.jpg,mountain,3,,,,,,,,,,
16968.jpg,street,5,,,,,,,,,,
16970.jpg,mountain,3,,,,,,,,,,
16976.jpg,mountain,3,,,,,,,,,,
16978.jpg,sea,4,,,,,,,,,,
16986.jpg,buildings,0,,,,,,,,,,
16987.jpg,forest,1,,,,,,,,,,
16993.jpg,mountain,3,,,,,,,,,,
16995.jpg,mountain,3,,,,,,,,,,
16996.jpg,mountain,3,,,,,,,,,,
16997.jpg,forest,1,,,,,,,,,,
16999.jpg,mountain,3,,,,,,,,,,
17003.jpg,street,5,,,,,,,,,,
17010.jpg,mountain,3,,,,,,,,,,
17012.jpg,street,5,,,,,,,,,,
17016.jpg,forest,1,,,,,,,,,,
17023.jpg,sea,4,,,,,,,,,,
17035.jpg,mountain,3,,,,,,,,,,
17037.jpg,mountain,3,,,,,,,,,,
17039.jpg,mountain,3,,,,,,,,,,
1704.jpg,forest,1,,,,,,,,,,
17041.jpg,forest,1,,,,,,,,,,
17046.jpg,mountain,3,,,,,,,,,,
17048.jpg,sea,4,,,,,,,,,,
17050.jpg,street,5,,,,,,,,,,
17052.jpg,mountain,3,,,,,,,,,,
17054.jpg,mountain,3,,,,,,,,,,
17057.jpg,mountain,3,,,,,,,,,,
17059.jpg,street,5,,,,,,,,,,
17062.jpg,glacier,2,,,,,,,,,,
17068.jpg,glacier,2,,,,,,,,,,
17071.jpg,forest,1,,,,,,,,,,
17079.jpg,sea,4,,,,,,,,,,
1708.jpg,buildings,0,,,,,,,,,,
17080.jpg,street,5,,,,,,,,,,
17082.jpg,buildings,0,,,,,,,,,,
17083.jpg,buildings,0,,,,,,,,,,
17084.jpg,street,5,,,,,,,,,,
17086.jpg,sea,4,,,,,,,,,,
17088.jpg,buildings,0,,,,,,,,,,
17090.jpg,forest,1,,,,,,,,,,
171.jpg,sea,4,,,,,,,,,,
17100.jpg,forest,1,,,,,,,,,,
17103.jpg,sea,4,,,,,,,,,,
17108.jpg,mountain,3,,,,,,,,,,
17109.jpg,street,5,,,,,,,,,,
17115.jpg,buildings,0,,,,,,,,,,
17116.jpg,mountain,3,,,,,,,,,,
17118.jpg,buildings,0,,,,,,,,,,
1712.jpg,sea,4,,,,,,,,,,
17121.jpg,street,5,,,,,,,,,,
17125.jpg,forest,1,,,,,,,,,,
17127.jpg,glacier,2,,,,,,,,,,
17128.jpg,mountain,3,,,,,,,,,,
17129.jpg,forest,1,,,,,,,,,,
1713.jpg,mountain,3,,,,,,,,,,
17132.jpg,sea,4,,,,,,,,,,
17133.jpg,mountain,3,,,,,,,,,,
17134.jpg,buildings,0,,,,,,,,,,
17140.jpg,forest,1,,,,,,,,,,
17145.jpg,mountain,3,,,,,,,,,,
17146.jpg,mountain,3,,,,,,,,,,
17147.jpg,mountain,3,,,,,,,,,,
17148.jpg,sea,4,,,,,,,,,,
17150.jpg,sea,4,,,,,,,,,,
17153.jpg,mountain,3,,,,,,,,,,
17155.jpg,buildings,0,,,,,,,,,,
17157.jpg,mountain,3,,,,,,,,,,
17158.jpg,sea,4,,,,,,,,,,
17159.jpg,sea,4,,,,,,,,,,
17160.jpg,mountain,3,,,,,,,,,,
17162.jpg,street,5,,,,,,,,,,
17163.jpg,glacier,2,,,,,,,,,,
17167.jpg,street,5,,,,,,,,,,
1717.jpg,buildings,0,,,,,,,,,,
17172.jpg,mountain,3,,,,,,,,,,
17177.jpg,forest,1,,,,,,,,,,
17182.jpg,buildings,0,,,,,,,,,,
17185.jpg,mountain,3,,,,,,,,,,
17186.jpg,mountain,3,,,,,,,,,,
17188.jpg,street,5,,,,,,,,,,
17192.jpg,mountain,3,,,,,,,,,,
17195.jpg,mountain,3,,,,,,,,,,
17196.jpg,sea,4,,,,,,,,,,
17197.jpg,sea,4,,,,,,,,,,
17199.jpg,sea,4,,,,,,,,,,
172.jpg,forest,1,,,,,,,,,,
17203.jpg,sea,4,,,,,,,,,,
17208.jpg,forest,1,,,,,,,,,,
17210.jpg,street,5,,,,,,,,,,
17213.jpg,buildings,0,,,,,,,,,,
17215.jpg,forest,1,,,,,,,,,,
17218.jpg,sea,4,,,,,,,,,,
17219.jpg,buildings,0,,,,,,,,,,
1722.jpg,glacier,2,,,,,,,,,,
17223.jpg,street,5,,,,,,,,,,
17224.jpg,sea,4,,,,,,,,,,
17231.jpg,buildings,0,,,,,,,,,,
17233.jpg,mountain,3,,,,,,,,,,
1724.jpg,street,5,,,,,,,,,,
17241.jpg,buildings,0,,,,,,,,,,
17243.jpg,buildings,0,,,,,,,,,,
17245.jpg,sea,4,,,,,,,,,,
17247.jpg,glacier,2,,,,,,,,,,
17251.jpg,buildings,0,,,,,,,,,,
17253.jpg,buildings,0,,,,,,,,,,
17254.jpg,street,5,,,,,,,,,,
17255.jpg,buildings,0,,,,,,,,,,
17256.jpg,mountain,3,,,,,,,,,,
1726.jpg,forest,1,,,,,,,,,,
17261.jpg,mountain,3,,,,,,,,,,
17266.jpg,sea,4,,,,,,,,,,
17269.jpg,sea,4,,,,,,,,,,
1727.jpg,buildings,0,,,,,,,,,,
17271.jpg,street,5,,,,,,,,,,
17276.jpg,buildings,0,,,,,,,,,,
17279.jpg,buildings,0,,,,,,,,,,
17280.jpg,glacier,2,,,,,,,,,,
17281.jpg,mountain,3,,,,,,,,,,
17282.jpg,sea,4,,,,,,,,,,
17288.jpg,buildings,0,,,,,,,,,,
17289.jpg,forest,1,,,,,,,,,,
17290.jpg,mountain,3,,,,,,,,,,
17292.jpg,forest,1,,,,,,,,,,
17293.jpg,street,5,,,,,,,,,,
17294.jpg,mountain,3,,,,,,,,,,
173.jpg,mountain,3,,,,,,,,,,
17300.jpg,mountain,3,,,,,,,,,,
17303.jpg,forest,1,,,,,,,,,,
17304.jpg,mountain,3,,,,,,,,,,
17307.jpg,street,5,,,,,,,,,,
17310.jpg,street,5,,,,,,,,,,
17316.jpg,mountain,3,,,,,,,,,,
17326.jpg,mountain,3,,,,,,,,,,
17327.jpg,glacier,2,,,,,,,,,,
17334.jpg,mountain,3,,,,,,,,,,
17340.jpg,mountain,3,,,,,,,,,,
17342.jpg,mountain,3,,,,,,,,,,
17349.jpg,mountain,3,,,,,,,,,,
17351.jpg,buildings,0,,,,,,,,,,
17357.jpg,mountain,3,,,,,,,,,,
17358.jpg,mountain,3,,,,,,,,,,
17365.jpg,forest,1,,,,,,,,,,
17366.jpg,sea,4,,,,,,,,,,
17367.jpg,street,5,,,,,,,,,,
17369.jpg,street,5,,,,,,,,,,
1737.jpg,buildings,0,,,,,,,,,,
17375.jpg,sea,4,,,,,,,,,,
17376.jpg,forest,1,,,,,,,,,,
17377.jpg,buildings,0,,,,,,,,,,
17382.jpg,mountain,3,,,,,,,,,,
17383.jpg,buildings,0,,,,,,,,,,
17386.jpg,sea,4,,,,,,,,,,
17388.jpg,sea,4,,,,,,,,,,
17391.jpg,buildings,0,,,,,,,,,,
17392.jpg,glacier,2,,,,,,,,,,
17395.jpg,sea,4,,,,,,,,,,
17398.jpg,street,5,,,,,,,,,,
17400.jpg,street,5,,,,,,,,,,
17405.jpg,mountain,3,,,,,,,,,,
17407.jpg,mountain,3,,,,,,,,,,
17408.jpg,sea,4,,,,,,,,,,
17409.jpg,mountain,3,,,,,,,,,,
17414.jpg,mountain,3,,,,,,,,,,
17415.jpg,mountain,3,,,,,,,,,,
17422.jpg,forest,1,,,,,,,,,,
17428.jpg,sea,4,,,,,,,,,,
17430.jpg,mountain,3,,,,,,,,,,
17436.jpg,street,5,,,,,,,,,,
17437.jpg,buildings,0,,,,,,,,,,
17438.jpg,buildings,0,,,,,,,,,,
17440.jpg,street,5,,,,,,,,,,
17447.jpg,mountain,3,,,,,,,,,,
17448.jpg,forest,1,,,,,,,,,,
1745.jpg,street,5,,,,,,,,,,
17459.jpg,buildings,0,,,,,,,,,,
1746.jpg,forest,1,,,,,,,,,,
17460.jpg,sea,4,,,,,,,,,,
17465.jpg,mountain,3,,,,,,,,,,
17467.jpg,forest,1,,,,,,,,,,
17471.jpg,mountain,3,,,,,,,,,,
17477.jpg,sea,4,,,,,,,,,,
17478.jpg,forest,1,,,,,,,,,,
17482.jpg,street,5,,,,,,,,,,
17487.jpg,forest,1,,,,,,,,,,
17489.jpg,mountain,3,,,,,,,,,,
1749.jpg,buildings,0,,,,,,,,,,
17493.jpg,street,5,,,,,,,,,,
17501.jpg,sea,4,,,,,,,,,,
17505.jpg,sea,4,,,,,,,,,,
17512.jpg,mountain,3,,,,,,,,,,
17513.jpg,sea,4,,,,,,,,,,
17517.jpg,forest,1,,,,,,,,,,
17518.jpg,forest,1,,,,,,,,,,
1752.jpg,street,5,,,,,,,,,,
17524.jpg,mountain,3,,,,,,,,,,
17525.jpg,buildings,0,,,,,,,,,,
17533.jpg,street,5,,,,,,,,,,
17534.jpg,buildings,0,,,,,,,,,,
17535.jpg,forest,1,,,,,,,,,,
17536.jpg,sea,4,,,,,,,,,,
17538.jpg,mountain,3,,,,,,,,,,
17542.jpg,mountain,3,,,,,,,,,,
17546.jpg,forest,1,,,,,,,,,,
17549.jpg,glacier,2,,,,,,,,,,
17550.jpg,buildings,0,,,,,,,,,,
17556.jpg,mountain,3,,,,,,,,,,
1756.jpg,sea,4,,,,,,,,,,
17561.jpg,mountain,3,,,,,,,,,,
17565.jpg,mountain,3,,,,,,,,,,
17572.jpg,forest,1,,,,,,,,,,
17573.jpg,forest,1,,,,,,,,,,
17578.jpg,buildings,0,,,,,,,,,,
17580.jpg,street,5,,,,,,,,,,
17582.jpg,sea,4,,,,,,,,,,
17584.jpg,street,5,,,,,,,,,,
17592.jpg,mountain,3,,,,,,,,,,
17595.jpg,mountain,3,,,,,,,,,,
17596.jpg,sea,4,,,,,,,,,,
17598.jpg,forest,1,,,,,,,,,,
17599.jpg,glacier,2,,,,,,,,,,
176.jpg,mountain,3,,,,,,,,,,
17601.jpg,forest,1,,,,,,,,,,
17606.jpg,mountain,3,,,,,,,,,,
17608.jpg,buildings,0,,,,,,,,,,
17610.jpg,street,5,,,,,,,,,,
17614.jpg,forest,1,,,,,,,,,,
17618.jpg,sea,4,,,,,,,,,,
17619.jpg,buildings,0,,,,,,,,,,
17620.jpg,mountain,3,,,,,,,,,,
17623.jpg,street,5,,,,,,,,,,
17626.jpg,mountain,3,,,,,,,,,,
17627.jpg,forest,1,,,,,,,,,,
17629.jpg,mountain,3,,,,,,,,,,
17630.jpg,forest,1,,,,,,,,,,
17634.jpg,buildings,0,,,,,,,,,,
17635.jpg,forest,1,,,,,,,,,,
17637.jpg,buildings,0,,,,,,,,,,
1764.jpg,buildings,0,,,,,,,,,,
17640.jpg,forest,1,,,,,,,,,,
17641.jpg,street,5,,,,,,,,,,
17644.jpg,buildings,0,,,,,,,,,,
17646.jpg,buildings,0,,,,,,,,,,
17649.jpg,mountain,3,,,,,,,,,,
17650.jpg,street,5,,,,,,,,,,
17653.jpg,sea,4,,,,,,,,,,
17656.jpg,buildings,0,,,,,,,,,,
17658.jpg,mountain,3,,,,,,,,,,
17659.jpg,street,5,,,,,,,,,,
17665.jpg,buildings,0,,,,,,,,,,
17669.jpg,forest,1,,,,,,,,,,
17676.jpg,buildings,0,,,,,,,,,,
17677.jpg,glacier,2,,,,,,,,,,
17681.jpg,forest,1,,,,,,,,,,
17684.jpg,street,5,,,,,,,,,,
17686.jpg,glacier,2,,,,,,,,,,
1769.jpg,mountain,3,,,,,,,,,,
17692.jpg,forest,1,,,,,,,,,,
17694.jpg,mountain,3,,,,,,,,,,
17696.jpg,forest,1,,,,,,,,,,
17699.jpg,buildings,0,,,,,,,,,,
17703.jpg,street,5,,,,,,,,,,
17704.jpg,mountain,3,,,,,,,,,,
17709.jpg,street,5,,,,,,,,,,
1771.jpg,sea,4,,,,,,,,,,
17710.jpg,mountain,3,,,,,,,,,,
17720.jpg,forest,1,,,,,,,,,,
17723.jpg,buildings,0,,,,,,,,,,
17728.jpg,sea,4,,,,,,,,,,
17733.jpg,mountain,3,,,,,,,,,,
17737.jpg,sea,4,,,,,,,,,,
17738.jpg,buildings,0,,,,,,,,,,
17746.jpg,mountain,3,,,,,,,,,,
17748.jpg,glacier,2,,,,,,,,,,
17749.jpg,forest,1,,,,,,,,,,
17752.jpg,forest,1,,,,,,,,,,
17753.jpg,forest,1,,,,,,,,,,
17754.jpg,street,5,,,,,,,,,,
1776.jpg,mountain,3,,,,,,,,,,
17762.jpg,street,5,,,,,,,,,,
17763.jpg,mountain,3,,,,,,,,,,
1777.jpg,buildings,0,,,,,,,,,,
17772.jpg,mountain,3,,,,,,,,,,
17774.jpg,buildings,0,,,,,,,,,,
17778.jpg,mountain,3,,,,,,,,,,
17779.jpg,sea,4,,,,,,,,,,
1779.jpg,buildings,0,,,,,,,,,,
17790.jpg,forest,1,,,,,,,,,,
17791.jpg,sea,4,,,,,,,,,,
17792.jpg,mountain,3,,,,,,,,,,
1780.jpg,sea,4,,,,,,,,,,
17800.jpg,sea,4,,,,,,,,,,
17802.jpg,glacier,2,,,,,,,,,,
17804.jpg,buildings,0,,,,,,,,,,
17813.jpg,glacier,2,,,,,,,,,,
17815.jpg,buildings,0,,,,,,,,,,
17816.jpg,mountain,3,,,,,,,,,,
17828.jpg,mountain,3,,,,,,,,,,
17829.jpg,mountain,3,,,,,,,,,,
1783.jpg,street,5,,,,,,,,,,
17832.jpg,mountain,3,,,,,,,,,,
17833.jpg,forest,1,,,,,,,,,,
17836.jpg,buildings,0,,,,,,,,,,
17839.jpg,mountain,3,,,,,,,,,,
17843.jpg,mountain,3,,,,,,,,,,
1785.jpg,sea,4,,,,,,,,,,
17850.jpg,mountain,3,,,,,,,,,,
17851.jpg,mountain,3,,,,,,,,,,
17858.jpg,street,5,,,,,,,,,,
17859.jpg,sea,4,,,,,,,,,,
17861.jpg,mountain,3,,,,,,,,,,
17862.jpg,sea,4,,,,,,,,,,
17863.jpg,buildings,0,,,,,,,,,,
17867.jpg,forest,1,,,,,,,,,,
17869.jpg,forest,1,,,,,,,,,,
17870.jpg,glacier,2,,,,,,,,,,
17871.jpg,mountain,3,,,,,,,,,,
17874.jpg,mountain,3,,,,,,,,,,
17876.jpg,forest,1,,,,,,,,,,
17878.jpg,sea,4,,,,,,,,,,
17879.jpg,buildings,0,,,,,,,,,,
17880.jpg,mountain,3,,,,,,,,,,
17883.jpg,mountain,3,,,,,,,,,,
17884.jpg,forest,1,,,,,,,,,,
17899.jpg,mountain,3,,,,,,,,,,
179.jpg,mountain,3,,,,,,,,,,
17901.jpg,mountain,3,,,,,,,,,,
17907.jpg,forest,1,,,,,,,,,,
17908.jpg,forest,1,,,,,,,,,,
17909.jpg,forest,1,,,,,,,,,,
17911.jpg,buildings,0,,,,,,,,,,
17917.jpg,street,5,,,,,,,,,,
17921.jpg,street,5,,,,,,,,,,
17929.jpg,forest,1,,,,,,,,,,
1793.jpg,buildings,0,,,,,,,,,,
17931.jpg,buildings,0,,,,,,,,,,
17935.jpg,forest,1,,,,,,,,,,
17938.jpg,buildings,0,,,,,,,,,,
17943.jpg,street,5,,,,,,,,,,
17945.jpg,sea,4,,,,,,,,,,
17949.jpg,sea,4,,,,,,,,,,
1795.jpg,forest,1,,,,,,,,,,
17950.jpg,forest,1,,,,,,,,,,
17955.jpg,mountain,3,,,,,,,,,,
17960.jpg,buildings,0,,,,,,,,,,
17961.jpg,forest,1,,,,,,,,,,
1797.jpg,sea,4,,,,,,,,,,
17974.jpg,glacier,2,,,,,,,,,,
17976.jpg,forest,1,,,,,,,,,,
17979.jpg,street,5,,,,,,,,,,
17982.jpg,sea,4,,,,,,,,,,
17984.jpg,buildings,0,,,,,,,,,,
17988.jpg,buildings,0,,,,,,,,,,
17990.jpg,buildings,0,,,,,,,,,,
17995.jpg,street,5,,,,,,,,,,
1800.jpg,forest,1,,,,,,,,,,
18004.jpg,buildings,0,,,,,,,,,,
18008.jpg,street,5,,,,,,,,,,
1801.jpg,sea,4,,,,,,,,,,
18010.jpg,street,5,,,,,,,,,,
18013.jpg,mountain,3,,,,,,,,,,
18019.jpg,mountain,3,,,,,,,,,,
1802.jpg,forest,1,,,,,,,,,,
18021.jpg,sea,4,,,,,,,,,,
18030.jpg,buildings,0,,,,,,,,,,
18032.jpg,street,5,,,,,,,,,,
18033.jpg,buildings,0,,,,,,,,,,
18036.jpg,sea,4,,,,,,,,,,
18039.jpg,sea,4,,,,,,,,,,
18040.jpg,glacier,2,,,,,,,,,,
18041.jpg,street,5,,,,,,,,,,
18047.jpg,forest,1,,,,,,,,,,
18048.jpg,buildings,0,,,,,,,,,,
18049.jpg,buildings,0,,,,,,,,,,
18054.jpg,sea,4,,,,,,,,,,
18055.jpg,glacier,2,,,,,,,,,,
18058.jpg,street,5,,,,,,,,,,
18061.jpg,street,5,,,,,,,,,,
18062.jpg,mountain,3,,,,,,,,,,
18066.jpg,street,5,,,,,,,,,,
18067.jpg,mountain,3,,,,,,,,,,
18068.jpg,mountain,3,,,,,,,,,,
18069.jpg,buildings,0,,,,,,,,,,
18071.jpg,street,5,,,,,,,,,,
1808.jpg,mountain,3,,,,,,,,,,
18080.jpg,glacier,2,,,,,,,,,,
18081.jpg,forest,1,,,,,,,,,,
18082.jpg,buildings,0,,,,,,,,,,
18083.jpg,sea,4,,,,,,,,,,
18085.jpg,mountain,3,,,,,,,,,,
18090.jpg,sea,4,,,,,,,,,,
18093.jpg,sea,4,,,,,,,,,,
18094.jpg,sea,4,,,,,,,,,,
18097.jpg,forest,1,,,,,,,,,,
18098.jpg,mountain,3,,,,,,,,,,
18109.jpg,mountain,3,,,,,,,,,,
18112.jpg,mountain,3,,,,,,,,,,
18113.jpg,buildings,0,,,,,,,,,,
18118.jpg,forest,1,,,,,,,,,,
18119.jpg,street,5,,,,,,,,,,
1812.jpg,buildings,0,,,,,,,,,,
18121.jpg,street,5,,,,,,,,,,
18126.jpg,mountain,3,,,,,,,,,,
18127.jpg,buildings,0,,,,,,,,,,
18130.jpg,sea,4,,,,,,,,,,
18134.jpg,buildings,0,,,,,,,,,,
1814.jpg,forest,1,,,,,,,,,,
18141.jpg,buildings,0,,,,,,,,,,
18148.jpg,forest,1,,,,,,,,,,
1815.jpg,mountain,3,,,,,,,,,,
1816.jpg,mountain,3,,,,,,,,,,
18160.jpg,street,5,,,,,,,,,,
18168.jpg,mountain,3,,,,,,,,,,
18169.jpg,sea,4,,,,,,,,,,
18171.jpg,forest,1,,,,,,,,,,
18172.jpg,buildings,0,,,,,,,,,,
18174.jpg,street,5,,,,,,,,,,
18178.jpg,forest,1,,,,,,,,,,
18179.jpg,sea,4,,,,,,,,,,
18181.jpg,buildings,0,,,,,,,,,,
18183.jpg,glacier,2,,,,,,,,,,
18188.jpg,mountain,3,,,,,,,,,,
18193.jpg,street,5,,,,,,,,,,
18194.jpg,buildings,0,,,,,,,,,,
18198.jpg,street,5,,,,,,,,,,
182.jpg,street,5,,,,,,,,,,
18200.jpg,street,5,,,,,,,,,,
1821.jpg,mountain,3,,,,,,,,,,
18210.jpg,forest,1,,,,,,,,,,
18212.jpg,sea,4,,,,,,,,,,
1822.jpg,buildings,0,,,,,,,,,,
18220.jpg,forest,1,,,,,,,,,,
18223.jpg,forest,1,,,,,,,,,,
18225.jpg,buildings,0,,,,,,,,,,
18227.jpg,glacier,2,,,,,,,,,,
18228.jpg,buildings,0,,,,,,,,,,
18229.jpg,glacier,2,,,,,,,,,,
18241.jpg,mountain,3,,,,,,,,,,
18246.jpg,glacier,2,,,,,,,,,,
18250.jpg,forest,1,,,,,,,,,,
18254.jpg,buildings,0,,,,,,,,,,
18257.jpg,sea,4,,,,,,,,,,
18259.jpg,buildings,0,,,,,,,,,,
18274.jpg,mountain,3,,,,,,,,,,
18276.jpg,street,5,,,,,,,,,,
18278.jpg,forest,1,,,,,,,,,,
18282.jpg,forest,1,,,,,,,,,,
18285.jpg,sea,4,,,,,,,,,,
18286.jpg,buildings,0,,,,,,,,,,
18295.jpg,glacier,2,,,,,,,,,,
18296.jpg,forest,1,,,,,,,,,,
18297.jpg,sea,4,,,,,,,,,,
18298.jpg,mountain,3,,,,,,,,,,
183.jpg,forest,1,,,,,,,,,,
1830.jpg,mountain,3,,,,,,,,,,
18304.jpg,sea,4,,,,,,,,,,
18307.jpg,street,5,,,,,,,,,,
1831.jpg,mountain,3,,,,,,,,,,
18314.jpg,mountain,3,,,,,,,,,,
18315.jpg,buildings,0,,,,,,,,,,
18319.jpg,sea,4,,,,,,,,,,
18326.jpg,street,5,,,,,,,,,,
18330.jpg,mountain,3,,,,,,,,,,
18333.jpg,forest,1,,,,,,,,,,
18338.jpg,forest,1,,,,,,,,,,
1834.jpg,sea,4,,,,,,,,,,
18340.jpg,glacier,2,,,,,,,,,,
18346.jpg,buildings,0,,,,,,,,,,
1835.jpg,mountain,3,,,,,,,,,,
18352.jpg,buildings,0,,,,,,,,,,
18357.jpg,buildings,0,,,,,,,,,,
18358.jpg,mountain,3,,,,,,,,,,
18362.jpg,street,5,,,,,,,,,,
18365.jpg,forest,1,,,,,,,,,,
1837.jpg,mountain,3,,,,,,,,,,
18370.jpg,forest,1,,,,,,,,,,
18371.jpg,street,5,,,,,,,,,,
18376.jpg,mountain,3,,,,,,,,,,
18377.jpg,buildings,0,,,,,,,,,,
18378.jpg,street,5,,,,,,,,,,
18379.jpg,mountain,3,,,,,,,,,,
18387.jpg,forest,1,,,,,,,,,,
1839.jpg,mountain,3,,,,,,,,,,
18391.jpg,forest,1,,,,,,,,,,
18395.jpg,mountain,3,,,,,,,,,,
18396.jpg,sea,4,,,,,,,,,,
18399.jpg,sea,4,,,,,,,,,,
18402.jpg,buildings,0,,,,,,,,,,
18404.jpg,buildings,0,,,,,,,,,,
18405.jpg,sea,4,,,,,,,,,,
18406.jpg,mountain,3,,,,,,,,,,
18410.jpg,buildings,0,,,,,,,,,,
18413.jpg,forest,1,,,,,,,,,,
18414.jpg,sea,4,,,,,,,,,,
1842.jpg,glacier,2,,,,,,,,,,
18427.jpg,forest,1,,,,,,,,,,
18434.jpg,glacier,2,,,,,,,,,,
18448.jpg,forest,1,,,,,,,,,,
18450.jpg,forest,1,,,,,,,,,,
18458.jpg,buildings,0,,,,,,,,,,
18459.jpg,sea,4,,,,,,,,,,
18461.jpg,mountain,3,,,,,,,,,,
18464.jpg,forest,1,,,,,,,,,,
1847.jpg,forest,1,,,,,,,,,,
18475.jpg,mountain,3,,,,,,,,,,
18477.jpg,buildings,0,,,,,,,,,,
18478.jpg,mountain,3,,,,,,,,,,
18479.jpg,mountain,3,,,,,,,,,,
18482.jpg,sea,4,,,,,,,,,,
18488.jpg,mountain,3,,,,,,,,,,
18491.jpg,mountain,3,,,,,,,,,,
18492.jpg,glacier,2,,,,,,,,,,
18497.jpg,buildings,0,,,,,,,,,,
185.jpg,mountain,3,,,,,,,,,,
18504.jpg,forest,1,,,,,,,,,,
18506.jpg,buildings,0,,,,,,,,,,
18509.jpg,mountain,3,,,,,,,,,,
18510.jpg,buildings,0,,,,,,,,,,
18512.jpg,sea,4,,,,,,,,,,
18513.jpg,forest,1,,,,,,,,,,
18519.jpg,forest,1,,,,,,,,,,
18522.jpg,street,5,,,,,,,,,,
18528.jpg,mountain,3,,,,,,,,,,
18530.jpg,street,5,,,,,,,,,,
18536.jpg,mountain,3,,,,,,,,,,
18537.jpg,forest,1,,,,,,,,,,
18540.jpg,sea,4,,,,,,,,,,
18543.jpg,mountain,3,,,,,,,,,,
18545.jpg,glacier,2,,,,,,,,,,
18549.jpg,forest,1,,,,,,,,,,
18554.jpg,mountain,3,,,,,,,,,,
18562.jpg,mountain,3,,,,,,,,,,
18563.jpg,mountain,3,,,,,,,,,,
18570.jpg,street,5,,,,,,,,,,
18579.jpg,sea,4,,,,,,,,,,
18581.jpg,mountain,3,,,,,,,,,,
18583.jpg,street,5,,,,,,,,,,
18585.jpg,forest,1,,,,,,,,,,
18588.jpg,mountain,3,,,,,,,,,,
18589.jpg,street,5,,,,,,,,,,
18591.jpg,forest,1,,,,,,,,,,
18594.jpg,buildings,0,,,,,,,,,,
18596.jpg,buildings,0,,,,,,,,,,
18599.jpg,mountain,3,,,,,,,,,,
18601.jpg,forest,1,,,,,,,,,,
18604.jpg,buildings,0,,,,,,,,,,
18607.jpg,street,5,,,,,,,,,,
18608.jpg,street,5,,,,,,,,,,
18609.jpg,buildings,0,,,,,,,,,,
18610.jpg,street,5,,,,,,,,,,
18611.jpg,street,5,,,,,,,,,,
18613.jpg,mountain,3,,,,,,,,,,
18616.jpg,street,5,,,,,,,,,,
18617.jpg,glacier,2,,,,,,,,,,
18619.jpg,glacier,2,,,,,,,,,,
18620.jpg,mountain,3,,,,,,,,,,
18623.jpg,sea,4,,,,,,,,,,
18624.jpg,forest,1,,,,,,,,,,
18626.jpg,mountain,3,,,,,,,,,,
18627.jpg,street,5,,,,,,,,,,
18633.jpg,sea,4,,,,,,,,,,
18635.jpg,buildings,0,,,,,,,,,,
18640.jpg,street,5,,,,,,,,,,
18641.jpg,sea,4,,,,,,,,,,
18642.jpg,forest,1,,,,,,,,,,
18647.jpg,sea,4,,,,,,,,,,
18649.jpg,mountain,3,,,,,,,,,,
18650.jpg,buildings,0,,,,,,,,,,
18653.jpg,sea,4,,,,,,,,,,
18662.jpg,mountain,3,,,,,,,,,,
18665.jpg,sea,4,,,,,,,,,,
18669.jpg,mountain,3,,,,,,,,,,
18673.jpg,mountain,3,,,,,,,,,,
18681.jpg,mountain,3,,,,,,,,,,
18684.jpg,mountain,3,,,,,,,,,,
18685.jpg,sea,4,,,,,,,,,,
18688.jpg,mountain,3,,,,,,,,,,
18693.jpg,forest,1,,,,,,,,,,
18695.jpg,mountain,3,,,,,,,,,,
18698.jpg,mountain,3,,,,,,,,,,
18703.jpg,forest,1,,,,,,,,,,
18706.jpg,mountain,3,,,,,,,,,,
18708.jpg,mountain,3,,,,,,,,,,
18713.jpg,glacier,2,,,,,,,,,,
18714.jpg,forest,1,,,,,,,,,,
18719.jpg,forest,1,,,,,,,,,,
18722.jpg,mountain,3,,,,,,,,,,
18727.jpg,forest,1,,,,,,,,,,
18728.jpg,buildings,0,,,,,,,,,,
18729.jpg,mountain,3,,,,,,,,,,
18732.jpg,street,5,,,,,,,,,,
18733.jpg,buildings,0,,,,,,,,,,
18734.jpg,forest,1,,,,,,,,,,
18738.jpg,mountain,3,,,,,,,,,,
18739.jpg,sea,4,,,,,,,,,,
18746.jpg,mountain,3,,,,,,,,,,
18747.jpg,mountain,3,,,,,,,,,,
18750.jpg,mountain,3,,,,,,,,,,
18759.jpg,street,5,,,,,,,,,,
1876.jpg,buildings,0,,,,,,,,,,
18760.jpg,sea,4,,,,,,,,,,
18762.jpg,mountain,3,,,,,,,,,,
18766.jpg,forest,1,,,,,,,,,,
18768.jpg,sea,4,,,,,,,,,,
18774.jpg,sea,4,,,,,,,,,,
18775.jpg,street,5,,,,,,,,,,
18778.jpg,street,5,,,,,,,,,,
18782.jpg,forest,1,,,,,,,,,,
18800.jpg,mountain,3,,,,,,,,,,
18801.jpg,sea,4,,,,,,,,,,
18802.jpg,street,5,,,,,,,,,,
18806.jpg,street,5,,,,,,,,,,
18810.jpg,street,5,,,,,,,,,,
18813.jpg,street,5,,,,,,,,,,
18818.jpg,sea,4,,,,,,,,,,
1882.jpg,mountain,3,,,,,,,,,,
18825.jpg,buildings,0,,,,,,,,,,
18830.jpg,forest,1,,,,,,,,,,
18833.jpg,street,5,,,,,,,,,,
18836.jpg,forest,1,,,,,,,,,,
1884.jpg,buildings,0,,,,,,,,,,
18844.jpg,buildings,0,,,,,,,,,,
18845.jpg,glacier,2,,,,,,,,,,
18847.jpg,mountain,3,,,,,,,,,,
1885.jpg,mountain,3,,,,,,,,,,
18850.jpg,mountain,3,,,,,,,,,,
18852.jpg,sea,4,,,,,,,,,,
18857.jpg,buildings,0,,,,,,,,,,
18858.jpg,forest,1,,,,,,,,,,
18859.jpg,glacier,2,,,,,,,,,,
18861.jpg,mountain,3,,,,,,,,,,
18862.jpg,buildings,0,,,,,,,,,,
18867.jpg,forest,1,,,,,,,,,,
18868.jpg,street,5,,,,,,,,,,
18869.jpg,buildings,0,,,,,,,,,,
18871.jpg,glacier,2,,,,,,,,,,
18873.jpg,forest,1,,,,,,,,,,
18879.jpg,street,5,,,,,,,,,,
18886.jpg,forest,1,,,,,,,,,,
1889.jpg,mountain,3,,,,,,,,,,
18890.jpg,mountain,3,,,,,,,,,,
18892.jpg,sea,4,,,,,,,,,,
18896.jpg,glacier,2,,,,,,,,,,
18904.jpg,buildings,0,,,,,,,,,,
18910.jpg,buildings,0,,,,,,,,,,
18924.jpg,street,5,,,,,,,,,,
1893.jpg,mountain,3,,,,,,,,,,
18935.jpg,mountain,3,,,,,,,,,,
18939.jpg,sea,4,,,,,,,,,,
18943.jpg,buildings,0,,,,,,,,,,
18948.jpg,buildings,0,,,,,,,,,,
18949.jpg,mountain,3,,,,,,,,,,
18953.jpg,mountain,3,,,,,,,,,,
18956.jpg,buildings,0,,,,,,,,,,
18961.jpg,glacier,2,,,,,,,,,,
18964.jpg,mountain,3,,,,,,,,,,
18966.jpg,mountain,3,,,,,,,,,,
18968.jpg,buildings,0,,,,,,,,,,
18969.jpg,sea,4,,,,,,,,,,
1897.jpg,mountain,3,,,,,,,,,,
18970.jpg,forest,1,,,,,,,,,,
18973.jpg,buildings,0,,,,,,,,,,
18975.jpg,sea,4,,,,,,,,,,
18976.jpg,sea,4,,,,,,,,,,
18979.jpg,mountain,3,,,,,,,,,,
18981.jpg,sea,4,,,,,,,,,,
18983.jpg,buildings,0,,,,,,,,,,
18985.jpg,mountain,3,,,,,,,,,,
18986.jpg,mountain,3,,,,,,,,,,
18987.jpg,glacier,2,,,,,,,,,,
18994.jpg,mountain,3,,,,,,,,,,
18996.jpg,buildings,0,,,,,,,,,,
18998.jpg,sea,4,,,,,,,,,,
19006.jpg,forest,1,,,,,,,,,,
19008.jpg,buildings,0,,,,,,,,,,
19012.jpg,sea,4,,,,,,,,,,
19018.jpg,forest,1,,,,,,,,,,
19021.jpg,sea,4,,,,,,,,,,
19022.jpg,street,5,,,,,,,,,,
19025.jpg,sea,4,,,,,,,,,,
19028.jpg,sea,4,,,,,,,,,,
19029.jpg,buildings,0,,,,,,,,,,
19033.jpg,sea,4,,,,,,,,,,
19034.jpg,mountain,3,,,,,,,,,,
19042.jpg,mountain,3,,,,,,,,,,
19046.jpg,buildings,0,,,,,,,,,,
19047.jpg,sea,4,,,,,,,,,,
19048.jpg,buildings,0,,,,,,,,,,
19050.jpg,buildings,0,,,,,,,,,,
19053.jpg,sea,4,,,,,,,,,,
19054.jpg,mountain,3,,,,,,,,,,
19059.jpg,buildings,0,,,,,,,,,,
1906.jpg,buildings,0,,,,,,,,,,
19060.jpg,street,5,,,,,,,,,,
19062.jpg,mountain,3,,,,,,,,,,
19064.jpg,sea,4,,,,,,,,,,
19065.jpg,mountain,3,,,,,,,,,,
19069.jpg,mountain,3,,,,,,,,,,
19073.jpg,buildings,0,,,,,,,,,,
19074.jpg,buildings,0,,,,,,,,,,
19079.jpg,buildings,0,,,,,,,,,,
19082.jpg,buildings,0,,,,,,,,,,
19083.jpg,buildings,0,,,,,,,,,,
19084.jpg,street,5,,,,,,,,,,
19086.jpg,forest,1,,,,,,,,,,
19087.jpg,street,5,,,,,,,,,,
19088.jpg,sea,4,,,,,,,,,,
19092.jpg,sea,4,,,,,,,,,,
19093.jpg,forest,1,,,,,,,,,,
19096.jpg,buildings,0,,,,,,,,,,
19099.jpg,mountain,3,,,,,,,,,,
19100.jpg,sea,4,,,,,,,,,,
19102.jpg,mountain,3,,,,,,,,,,
19105.jpg,forest,1,,,,,,,,,,
19106.jpg,sea,4,,,,,,,,,,
19107.jpg,forest,1,,,,,,,,,,
19109.jpg,forest,1,,,,,,,,,,
19111.jpg,mountain,3,,,,,,,,,,
19117.jpg,buildings,0,,,,,,,,,,
19123.jpg,glacier,2,,,,,,,,,,
19128.jpg,forest,1,,,,,,,,,,
19135.jpg,forest,1,,,,,,,,,,
1914.jpg,buildings,0,,,,,,,,,,
19143.jpg,buildings,0,,,,,,,,,,
